state,year,unemployment_rate,state_min_wage
ALABAMA,1976,6.7,0.0
ALABAMA,1977,7.1499999999999995,0.0
ALABAMA,1978,6.408333333333334,0.0
ALABAMA,1979,7.2250000000000005,0.0
ALABAMA,1980,8.816666666666666,0.0
ALABAMA,1981,10.691666666666668,0.0
ALABAMA,1982,13.950000000000001,0.0
ALABAMA,1983,13.816666666666668,0.0
ALABAMA,1984,11.283333333333333,0.0
ALABAMA,1985,9.541666666666666,0.0
ALABAMA,1986,9.566666666666666,0.0
ALABAMA,1987,8.183333333333334,0.0
ALABAMA,1988,7.2749999999999995,0.0
ALABAMA,1989,7.0,0.0
ALABAMA,1990,6.825,0.0
ALABAMA,1991,7.325,0.0
ALABAMA,1992,7.5249999999999995,0.0
ALABAMA,1993,7.241666666666667,0.0
ALABAMA,1994,6.175,0.0
ALABAMA,1995,5.833333333333333,0.0
ALABAMA,1996,5.208333333333333,0.0
ALABAMA,1997,4.933333333333333,0.0
ALABAMA,1998,4.458333333333333,0.0
ALABAMA,1999,4.7250000000000005,0.0
ALABAMA,2000,4.625,0.0
ALABAMA,2001,5.183333333333334,0.0
ALABAMA,2002,5.925000000000001,0.0
ALABAMA,2003,5.983333333333333,0.0
ALABAMA,2004,5.575,0.0
ALABAMA,2005,4.458333333333333,0.0
ALABAMA,2006,4.0,0.0
ALABAMA,2007,4.041666666666667,0.0
ALABAMA,2008,5.883333333333333,0.0
ALABAMA,2009,10.083333333333334,0.0
ALABAMA,2010,10.375,0.0
ALABAMA,2011,9.583333333333334,0.0
ALABAMA,2012,8.158333333333333,0.0
ALABAMA,2013,7.325,0.0
ALABAMA,2014,6.733333333333333,0.0
ALABAMA,2015,6.125,0.0
ALABAMA,2016,5.908333333333334,0.0
ALABAMA,2017,4.508333333333334,0.0
ALABAMA,2018,3.9416666666666664,0.0
ALABAMA,2019,3.1833333333333336,0.0
ALABAMA,2020,6.425,0.0
ALASKA,1976,7.566666666666666,2.8
ALASKA,1977,9.891666666666667,2.8
ALASKA,1978,10.633333333333333,2.8
ALASKA,1979,9.058333333333334,3.4
ALASKA,1980,9.533333333333333,3.6
ALASKA,1981,9.183333333333334,3.85
ALASKA,1982,10.058333333333334,3.85
ALASKA,1983,10.1,3.85
ALASKA,1984,9.891666666666667,3.85
ALASKA,1985,9.841666666666667,3.85
ALASKA,1986,11.1,3.85
ALASKA,1987,10.141666666666667,3.85
ALASKA,1988,8.733333333333333,3.85
ALASKA,1989,7.1000000000000005,3.85
ALASKA,1990,7.258333333333333,3.85
ALASKA,1991,8.341666666666667,4.3
ALASKA,1992,8.858333333333333,4.75
ALASKA,1993,7.8,4.75
ALASKA,1994,7.616666666666667,4.75
ALASKA,1995,7.325,4.75
ALASKA,1996,7.425,4.75
ALASKA,1997,6.933333333333334,5.25
ALASKA,1998,6.325,5.65
ALASKA,1999,6.408333333333334,5.65
ALASKA,2000,6.316666666666666,5.65
ALASKA,2001,6.283333333333334,5.65
ALASKA,2002,7.166666666666667,5.65
ALASKA,2003,7.683333333333334,7.15
ALASKA,2004,7.416666666666667,7.15
ALASKA,2005,6.933333333333334,7.15
ALASKA,2006,6.633333333333333,7.15
ALASKA,2007,6.258333333333333,7.15
ALASKA,2008,6.4750000000000005,7.15
ALASKA,2009,7.983333333333333,7.15
ALASKA,2010,8.133333333333333,7.75
ALASKA,2011,7.733333333333333,7.75
ALASKA,2012,7.25,7.75
ALASKA,2013,6.991666666666667,7.75
ALASKA,2014,6.741666666666667,7.75
ALASKA,2015,6.2749999999999995,8.75
ALASKA,2016,6.6000000000000005,9.75
ALASKA,2017,6.508333333333333,9.8
ALASKA,2018,6.041666666666667,9.84
ALASKA,2019,5.591666666666666,10.19
ALASKA,2020,8.308333333333334,10.19
ARIZONA,1976,9.758333333333333,0.0
ARIZONA,1977,8.4,0.0
ARIZONA,1978,5.95,0.0
ARIZONA,1979,5.075,0.0
ARIZONA,1980,6.608333333333333,0.0
ARIZONA,1981,6.191666666666666,0.0
ARIZONA,1982,9.958333333333334,0.0
ARIZONA,1983,9.108333333333333,0.0
ARIZONA,1984,4.958333333333333,0.0
ARIZONA,1985,6.358333333333333,0.0
ARIZONA,1986,7.05,0.0
ARIZONA,1987,6.508333333333333,0.0
ARIZONA,1988,6.408333333333334,0.0
ARIZONA,1989,5.241666666666666,0.0
ARIZONA,1990,5.216666666666667,0.0
ARIZONA,1991,5.858333333333333,0.0
ARIZONA,1992,7.566666666666666,0.0
ARIZONA,1993,6.366666666666667,0.0
ARIZONA,1994,6.191666666666666,0.0
ARIZONA,1995,5.3,0.0
ARIZONA,1996,5.491666666666667,0.0
ARIZONA,1997,4.625,0.0
ARIZONA,1998,4.2749999999999995,0.0
ARIZONA,1999,4.458333333333333,0.0
ARIZONA,2000,3.983333333333333,0.0
ARIZONA,2001,4.7250000000000005,0.0
ARIZONA,2002,6.141666666666667,0.0
ARIZONA,2003,5.783333333333334,0.0
ARIZONA,2004,4.966666666666667,0.0
ARIZONA,2005,4.666666666666667,0.0
ARIZONA,2006,4.308333333333334,0.0
ARIZONA,2007,3.75,6.75
ARIZONA,2008,5.791666666666667,6.9
ARIZONA,2009,9.666666666666666,7.25
ARIZONA,2010,10.299999999999999,7.25
ARIZONA,2011,9.433333333333334,7.35
ARIZONA,2012,8.35,7.65
ARIZONA,2013,7.816666666666666,7.8
ARIZONA,2014,6.791666666666667,7.9
ARIZONA,2015,6.075,8.05
ARIZONA,2016,5.483333333333333,8.05
ARIZONA,2017,4.9750000000000005,10.0
ARIZONA,2018,4.808333333333334,10.5
ARIZONA,2019,4.808333333333334,12.0
ARIZONA,2020,7.841666666666666,12.0
ARKANSAS,1976,6.916666666666667,1.9
ARKANSAS,1977,6.4750000000000005,1.9
ARKANSAS,1978,6.2250000000000005,1.9
ARKANSAS,1979,6.283333333333334,2.3
ARKANSAS,1980,7.533333333333334,2.55
ARKANSAS,1981,8.6,2.7
ARKANSAS,1982,9.466666666666667,2.7
ARKANSAS,1983,9.700000000000001,2.7
ARKANSAS,1984,8.533333333333333,2.7
ARKANSAS,1985,8.491666666666667,2.7
ARKANSAS,1986,8.541666666666666,2.7
ARKANSAS,1987,8.141666666666667,2.7
ARKANSAS,1988,7.7,3.25
ARKANSAS,1989,7.041666666666667,3.25
ARKANSAS,1990,6.875,3.25
ARKANSAS,1991,7.308333333333334,3.35
ARKANSAS,1992,7.0,3.65
ARKANSAS,1993,6.133333333333333,3.65
ARKANSAS,1994,5.441666666666666,4.25
ARKANSAS,1995,4.866666666666666,4.25
ARKANSAS,1996,5.166666666666667,4.25
ARKANSAS,1997,5.108333333333333,4.25
ARKANSAS,1998,5.05,5.15
ARKANSAS,1999,4.533333333333333,5.15
ARKANSAS,2000,4.175,5.15
ARKANSAS,2001,4.758333333333334,5.15
ARKANSAS,2002,5.333333333333333,5.15
ARKANSAS,2003,5.758333333333333,5.15
ARKANSAS,2004,5.583333333333333,5.15
ARKANSAS,2005,5.258333333333334,5.15
ARKANSAS,2006,5.25,5.15
ARKANSAS,2007,5.391666666666667,6.25
ARKANSAS,2008,5.441666666666666,6.25
ARKANSAS,2009,7.7250000000000005,6.25
ARKANSAS,2010,7.858333333333333,6.25
ARKANSAS,2011,7.908333333333334,6.25
ARKANSAS,2012,7.266666666666667,6.25
ARKANSAS,2013,7.041666666666667,6.25
ARKANSAS,2014,5.8999999999999995,6.25
ARKANSAS,2015,4.95,7.5
ARKANSAS,2016,3.983333333333333,8.0
ARKANSAS,2017,3.7416666666666667,8.5
ARKANSAS,2018,3.658333333333333,8.5
ARKANSAS,2019,3.4916666666666667,9.25
ARKANSAS,2020,6.2,10.0
CALIFORNIA,1976,9.15,2.0
CALIFORNIA,1977,8.391666666666667,2.0
CALIFORNIA,1978,7.133333333333333,2.0
CALIFORNIA,1979,6.216666666666666,2.9
CALIFORNIA,1980,6.8999999999999995,2.9
CALIFORNIA,1981,7.433333333333334,3.35
CALIFORNIA,1982,10.058333333333334,3.35
CALIFORNIA,1983,9.825000000000001,3.35
CALIFORNIA,1984,7.758333333333333,3.35
CALIFORNIA,1985,7.183333333333334,3.35
CALIFORNIA,1986,6.766666666666667,3.35
CALIFORNIA,1987,5.825,3.35
CALIFORNIA,1988,5.2749999999999995,3.35
CALIFORNIA,1989,5.091666666666667,3.35
CALIFORNIA,1990,5.791666666666667,3.35
CALIFORNIA,1991,7.825,4.25
CALIFORNIA,1992,9.35,4.25
CALIFORNIA,1993,9.533333333333333,4.25
CALIFORNIA,1994,8.65,4.25
CALIFORNIA,1995,7.891666666666667,4.25
CALIFORNIA,1996,7.3500000000000005,4.25
CALIFORNIA,1997,6.408333333333334,4.75
CALIFORNIA,1998,5.933333333333334,5.15
CALIFORNIA,1999,5.266666666666667,5.15
CALIFORNIA,2000,4.925,5.75
CALIFORNIA,2001,5.466666666666666,6.25
CALIFORNIA,2002,6.758333333333333,6.75
CALIFORNIA,2003,6.891666666666667,6.75
CALIFORNIA,2004,6.216666666666666,6.75
CALIFORNIA,2005,5.383333333333333,6.75
CALIFORNIA,2006,4.916666666666667,6.75
CALIFORNIA,2007,5.308333333333334,7.5
CALIFORNIA,2008,7.3,8.0
CALIFORNIA,2009,11.541666666666666,8.0
CALIFORNIA,2010,12.458333333333334,8.0
CALIFORNIA,2011,11.891666666666666,8.0
CALIFORNIA,2012,10.525,8.0
CALIFORNIA,2013,9.033333333333333,8.0
CALIFORNIA,2014,7.566666666666666,9.0
CALIFORNIA,2015,6.2250000000000005,9.0
CALIFORNIA,2016,5.516666666666667,10.0
CALIFORNIA,2017,4.833333333333333,10.0
CALIFORNIA,2018,4.258333333333334,11.0
CALIFORNIA,2019,4.1000000000000005,12.0
CALIFORNIA,2020,10.200000000000001,13.0
COLORADO,1976,5.916666666666667,1.0
COLORADO,1977,6.3500000000000005,1.0
COLORADO,1978,5.558333333333334,1.0
COLORADO,1979,4.616666666666666,1.9
COLORADO,1980,5.883333333333333,1.9
COLORADO,1981,5.641666666666667,1.9
COLORADO,1982,7.608333333333333,1.9
COLORADO,1983,7.116666666666667,1.9
COLORADO,1984,5.491666666666667,1.9
COLORADO,1985,5.983333333333333,1.9
COLORADO,1986,7.516666666666667,1.9
COLORADO,1987,7.541666666666667,1.9
COLORADO,1988,6.416666666666667,3.0
COLORADO,1989,5.583333333333333,3.0
COLORADO,1990,5.133333333333333,3.0
COLORADO,1991,5.283333333333333,3.0
COLORADO,1992,6.091666666666666,3.0
COLORADO,1993,5.383333333333333,3.0
COLORADO,1994,4.141666666666667,3.0
COLORADO,1995,4.0249999999999995,3.0
COLORADO,1996,4.166666666666667,3.0
COLORADO,1997,3.358333333333333,4.75
COLORADO,1998,3.6166666666666667,5.15
COLORADO,1999,3.016666666666667,5.15
COLORADO,2000,2.7416666666666667,5.15
COLORADO,2001,3.8166666666666664,5.15
COLORADO,2002,5.683333333333334,5.15
COLORADO,2003,6.108333333333333,5.15
COLORADO,2004,5.566666666666666,5.15
COLORADO,2005,5.075,5.15
COLORADO,2006,4.2749999999999995,5.15
COLORADO,2007,3.6999999999999997,6.85
COLORADO,2008,4.875,7.02
COLORADO,2009,7.875,7.28
COLORADO,2010,9.141666666666667,7.24
COLORADO,2011,8.691666666666666,7.36
COLORADO,2012,8.0,7.64
COLORADO,2013,6.75,7.78
COLORADO,2014,4.983333333333333,8.0
COLORADO,2015,3.7416666666666667,8.23
COLORADO,2016,3.1333333333333333,8.31
COLORADO,2017,2.6083333333333334,9.3
COLORADO,2018,3.0500000000000003,10.2
COLORADO,2019,2.6666666666666665,12.0
COLORADO,2020,6.766666666666667,12.0
CONNECTICUT,1976,9.175,2.21
CONNECTICUT,1977,6.991666666666667,2.21
CONNECTICUT,1978,5.291666666666667,2.21
CONNECTICUT,1979,5.083333333333333,2.91
CONNECTICUT,1980,5.666666666666667,3.12
CONNECTICUT,1981,6.2,3.37
CONNECTICUT,1982,6.858333333333333,3.37
CONNECTICUT,1983,6.008333333333333,3.37
CONNECTICUT,1984,4.6499999999999995,3.37
CONNECTICUT,1985,4.391666666666667,3.37
CONNECTICUT,1986,3.7583333333333333,3.37
CONNECTICUT,1987,3.1333333333333333,3.37
CONNECTICUT,1988,2.875,3.75
CONNECTICUT,1989,3.6,3.75
CONNECTICUT,1990,4.933333333333334,3.75
CONNECTICUT,1991,6.55,4.25
CONNECTICUT,1992,7.333333333333333,4.27
CONNECTICUT,1993,6.483333333333333,4.27
CONNECTICUT,1994,5.541666666666667,4.27
CONNECTICUT,1995,5.308333333333334,4.27
CONNECTICUT,1996,5.2,4.27
CONNECTICUT,1997,4.683333333333334,4.77
CONNECTICUT,1998,3.2416666666666667,5.18
CONNECTICUT,1999,2.4583333333333335,5.18
CONNECTICUT,2000,2.1083333333333334,6.15
CONNECTICUT,2001,2.875,6.4
CONNECTICUT,2002,4.3999999999999995,6.7
CONNECTICUT,2003,5.45,6.9
CONNECTICUT,2004,5.091666666666667,7.1
CONNECTICUT,2005,4.8,7.1
CONNECTICUT,2006,4.425,7.4
CONNECTICUT,2007,4.45,7.65
CONNECTICUT,2008,5.6499999999999995,7.65
CONNECTICUT,2009,8.325000000000001,8.0
CONNECTICUT,2010,9.558333333333334,8.25
CONNECTICUT,2011,9.016666666666667,8.25
CONNECTICUT,2012,8.358333333333334,8.25
CONNECTICUT,2013,7.95,8.25
CONNECTICUT,2014,6.616666666666667,8.7
CONNECTICUT,2015,5.616666666666667,9.15
CONNECTICUT,2016,4.866666666666666,9.6
CONNECTICUT,2017,4.416666666666667,10.1
CONNECTICUT,2018,3.8833333333333333,10.1
CONNECTICUT,2019,3.608333333333333,11.0
CONNECTICUT,2020,7.966666666666666,11.0
DELAWARE,1976,8.6,2.0
DELAWARE,1977,8.183333333333334,2.0
DELAWARE,1978,7.074999999999999,2.0
DELAWARE,1979,6.9750000000000005,2.0
DELAWARE,1980,7.516666666666667,2.0
DELAWARE,1981,7.783333333333334,2.0
DELAWARE,1982,8.358333333333333,2.0
DELAWARE,1983,7.8999999999999995,2.0
DELAWARE,1984,6.216666666666666,2.0
DELAWARE,1985,5.1499999999999995,2.0
DELAWARE,1986,4.175,2.0
DELAWARE,1987,3.033333333333333,2.0
DELAWARE,1988,2.983333333333333,3.35
DELAWARE,1989,3.3083333333333336,3.35
DELAWARE,1990,4.408333333333333,3.35
DELAWARE,1991,5.916666666666667,3.8
DELAWARE,1992,5.2250000000000005,4.25
DELAWARE,1993,4.908333333333333,4.25
DELAWARE,1994,4.7,4.25
DELAWARE,1995,4.266666666666667,4.25
DELAWARE,1996,4.95,4.65
DELAWARE,1997,4.008333333333334,5.0
DELAWARE,1998,3.4916666666666667,5.15
DELAWARE,1999,3.283333333333333,5.15
DELAWARE,2000,3.608333333333334,5.65
DELAWARE,2001,3.5749999999999997,6.15
DELAWARE,2002,4.266666666666667,6.15
DELAWARE,2003,4.466666666666667,6.15
DELAWARE,2004,4.3,6.15
DELAWARE,2005,4.508333333333334,6.15
DELAWARE,2006,3.908333333333333,6.15
DELAWARE,2007,3.608333333333333,6.65
DELAWARE,2008,5.033333333333333,7.15
DELAWARE,2009,8.341666666666667,7.15
DELAWARE,2010,8.658333333333333,7.25
DELAWARE,2011,7.608333333333333,7.25
DELAWARE,2012,7.066666666666666,7.25
DELAWARE,2013,6.608333333333333,7.25
DELAWARE,2014,5.608333333333333,7.75
DELAWARE,2015,4.791666666666667,8.25
DELAWARE,2016,4.5249999999999995,8.25
DELAWARE,2017,4.466666666666667,8.25
DELAWARE,2018,3.7083333333333335,8.25
DELAWARE,2019,3.591666666666667,9.25
DELAWARE,2020,7.508333333333333,9.25
DISTRICT OF COLUMBIA,1976,8.616666666666667,2.25
DISTRICT OF COLUMBIA,1977,8.625,2.25
DISTRICT OF COLUMBIA,1978,7.791666666666667,2.25
DISTRICT OF COLUMBIA,1979,6.841666666666666,2.46
DISTRICT OF COLUMBIA,1980,7.433333333333334,2.5
DISTRICT OF COLUMBIA,1981,8.683333333333334,2.5
DISTRICT OF COLUMBIA,1982,10.341666666666667,2.5
DISTRICT OF COLUMBIA,1983,10.9,2.5
DISTRICT OF COLUMBIA,1984,8.883333333333333,2.5
DISTRICT OF COLUMBIA,1985,7.966666666666668,2.5
DISTRICT OF COLUMBIA,1986,7.366666666666667,2.5
DISTRICT OF COLUMBIA,1987,6.266666666666667,2.5
DISTRICT OF COLUMBIA,1988,5.0249999999999995,3.5
DISTRICT OF COLUMBIA,1989,4.808333333333334,3.5
DISTRICT OF COLUMBIA,1990,5.891666666666667,3.5
DISTRICT OF COLUMBIA,1991,7.7,3.7
DISTRICT OF COLUMBIA,1992,8.583333333333334,3.9
DISTRICT OF COLUMBIA,1993,8.4,3.9
DISTRICT OF COLUMBIA,1994,7.933333333333334,4.25
DISTRICT OF COLUMBIA,1995,8.608333333333333,4.25
DISTRICT OF COLUMBIA,1996,8.424999999999999,5.25
DISTRICT OF COLUMBIA,1997,8.141666666666667,5.75
DISTRICT OF COLUMBIA,1998,8.316666666666666,6.15
DISTRICT OF COLUMBIA,1999,6.575,6.15
DISTRICT OF COLUMBIA,2000,5.691666666666666,6.15
DISTRICT OF COLUMBIA,2001,6.466666666666666,6.15
DISTRICT OF COLUMBIA,2002,6.983333333333333,6.15
DISTRICT OF COLUMBIA,2003,7.2749999999999995,6.15
DISTRICT OF COLUMBIA,2004,8.083333333333334,6.15
DISTRICT OF COLUMBIA,2005,6.991666666666667,6.6
DISTRICT OF COLUMBIA,2006,6.325,7.0
DISTRICT OF COLUMBIA,2007,5.95,7.0
DISTRICT OF COLUMBIA,2008,6.8500000000000005,7.0
DISTRICT OF COLUMBIA,2009,10.0,7.55
DISTRICT OF COLUMBIA,2010,9.950000000000001,8.25
DISTRICT OF COLUMBIA,2011,10.191666666666666,8.25
DISTRICT OF COLUMBIA,2012,8.975,8.25
DISTRICT OF COLUMBIA,2013,8.433333333333334,8.25
DISTRICT OF COLUMBIA,2014,7.708333333333333,9.5
DISTRICT OF COLUMBIA,2015,6.916666666666667,10.5
DISTRICT OF COLUMBIA,2016,6.233333333333333,11.5
DISTRICT OF COLUMBIA,2017,6.1000000000000005,11.5
DISTRICT OF COLUMBIA,2018,5.683333333333334,13.25
DISTRICT OF COLUMBIA,2019,5.4750000000000005,14.0
DISTRICT OF COLUMBIA,2020,7.883333333333333,14.0
FLORIDA,1976,9.299999999999999,0.0
FLORIDA,1977,8.275,0.0
FLORIDA,1978,6.758333333333333,0.0
FLORIDA,1979,5.991666666666667,0.0
FLORIDA,1980,5.983333333333333,0.0
FLORIDA,1981,6.8,0.0
FLORIDA,1982,8.483333333333333,0.0
FLORIDA,1983,8.641666666666667,0.0
FLORIDA,1984,6.591666666666666,0.0
FLORIDA,1985,6.075,0.0
FLORIDA,1986,5.841666666666666,0.0
FLORIDA,1987,5.3999999999999995,0.0
FLORIDA,1988,5.191666666666666,0.0
FLORIDA,1989,5.608333333333333,0.0
FLORIDA,1990,6.233333333333333,0.0
FLORIDA,1991,7.641666666666667,0.0
FLORIDA,1992,8.366666666666667,0.0
FLORIDA,1993,7.3999999999999995,0.0
FLORIDA,1994,6.4750000000000005,0.0
FLORIDA,1995,5.6000000000000005,0.0
FLORIDA,1996,5.283333333333333,0.0
FLORIDA,1997,4.925,0.0
FLORIDA,1998,4.45,0.0
FLORIDA,1999,3.933333333333333,0.0
FLORIDA,2000,3.7583333333333333,0.0
FLORIDA,2001,4.425,0.0
FLORIDA,2002,4.958333333333333,0.0
FLORIDA,2003,4.466666666666667,0.0
FLORIDA,2004,3.75,0.0
FLORIDA,2005,2.875,0.0
FLORIDA,2006,2.466666666666667,6.4
FLORIDA,2007,3.3000000000000003,6.67
FLORIDA,2008,5.691666666666666,6.79
FLORIDA,2009,9.558333333333334,7.21
FLORIDA,2010,10.825000000000001,7.25
FLORIDA,2011,10.0,7.25
FLORIDA,2012,8.666666666666666,7.67
FLORIDA,2013,7.533333333333334,7.79
FLORIDA,2014,6.433333333333334,7.93
FLORIDA,2015,5.5249999999999995,8.05
FLORIDA,2016,4.916666666666667,8.05
FLORIDA,2017,4.3,8.1
FLORIDA,2018,3.65,8.25
FLORIDA,2019,3.25,8.56
FLORIDA,2020,8.174999999999999,8.56
GEORGIA,1976,8.158333333333333,1.25
GEORGIA,1977,6.933333333333334,1.25
GEORGIA,1978,5.691666666666666,1.25
GEORGIA,1979,5.133333333333334,1.23
GEORGIA,1980,6.308333333333334,1.25
GEORGIA,1981,6.45,1.25
GEORGIA,1982,7.8,1.25
GEORGIA,1983,7.641666666666667,1.25
GEORGIA,1984,6.1000000000000005,1.25
GEORGIA,1985,6.341666666666666,1.25
GEORGIA,1986,5.916666666666667,1.25
GEORGIA,1987,5.558333333333334,1.25
GEORGIA,1988,5.616666666666667,3.25
GEORGIA,1989,5.3999999999999995,3.25
GEORGIA,1990,5.3500000000000005,3.25
GEORGIA,1991,5.291666666666667,3.25
GEORGIA,1992,6.583333333333333,3.25
GEORGIA,1993,5.733333333333333,3.25
GEORGIA,1994,5.05,3.25
GEORGIA,1995,4.733333333333333,3.25
GEORGIA,1996,4.608333333333333,3.25
GEORGIA,1997,4.483333333333333,3.25
GEORGIA,1998,4.183333333333334,3.25
GEORGIA,1999,3.8166666666666664,3.25
GEORGIA,2000,3.533333333333333,3.25
GEORGIA,2001,4.091666666666667,3.25
GEORGIA,2002,5.308333333333334,5.15
GEORGIA,2003,5.141666666666667,5.15
GEORGIA,2004,5.083333333333333,5.15
GEORGIA,2005,5.683333333333334,5.15
GEORGIA,2006,5.075,5.15
GEORGIA,2007,4.908333333333333,5.15
GEORGIA,2008,6.783333333333334,5.15
GEORGIA,2009,10.408333333333333,5.15
GEORGIA,2010,10.658333333333333,5.15
GEORGIA,2011,10.158333333333333,5.15
GEORGIA,2012,9.041666666666666,5.15
GEORGIA,2013,8.141666666666667,5.15
GEORGIA,2014,7.141666666666667,5.15
GEORGIA,2015,6.075,5.15
GEORGIA,2016,5.466666666666668,5.15
GEORGIA,2017,4.758333333333334,5.15
GEORGIA,2018,4.0,5.15
GEORGIA,2019,3.5749999999999997,5.15
GEORGIA,2020,6.483333333333333,5.15
HAWAII,1976,9.200000000000001,2.4
HAWAII,1977,7.616666666666667,2.4
HAWAII,1978,6.941666666666666,2.4
HAWAII,1979,5.7250000000000005,2.65
HAWAII,1980,4.975,2.9
HAWAII,1981,5.175,3.1
HAWAII,1982,6.116666666666667,3.1
HAWAII,1983,5.8999999999999995,3.1
HAWAII,1984,5.45,3.1
HAWAII,1985,5.2250000000000005,3.1
HAWAII,1986,4.675,3.1
HAWAII,1987,3.6999999999999997,3.1
HAWAII,1988,3.0749999999999997,3.85
HAWAII,1989,2.475,3.85
HAWAII,1990,2.6,3.85
HAWAII,1991,2.7916666666666665,3.85
HAWAII,1992,4.141666666666667,3.85
HAWAII,1993,4.383333333333334,3.85
HAWAII,1994,5.175,5.25
HAWAII,1995,5.5249999999999995,5.25
HAWAII,1996,5.916666666666667,5.25
HAWAII,1997,5.925,5.25
HAWAII,1998,5.825,5.25
HAWAII,1999,5.191666666666666,5.25
HAWAII,2000,4.25,5.25
HAWAII,2001,4.2749999999999995,5.25
HAWAII,2002,4.05,5.75
HAWAII,2003,3.908333333333333,6.25
HAWAII,2004,3.2916666666666665,6.25
HAWAII,2005,2.8249999999999997,6.25
HAWAII,2006,2.5500000000000003,6.75
HAWAII,2007,2.725,7.25
HAWAII,2008,4.033333333333333,7.25
HAWAII,2009,6.658333333333334,7.25
HAWAII,2010,6.825,7.25
HAWAII,2011,6.833333333333333,7.25
HAWAII,2012,5.8999999999999995,7.25
HAWAII,2013,4.758333333333334,7.25
HAWAII,2014,4.233333333333333,7.25
HAWAII,2015,3.4166666666666665,7.75
HAWAII,2016,2.891666666666667,8.5
HAWAII,2017,2.216666666666667,9.25
HAWAII,2018,2.408333333333333,10.1
HAWAII,2019,2.5166666666666666,10.1
HAWAII,2020,11.858333333333334,10.1
IDAHO,1976,5.6499999999999995,1.6
IDAHO,1977,5.8500000000000005,1.6
IDAHO,1978,5.491666666666667,1.6
IDAHO,1979,5.825,2.3
IDAHO,1980,7.55,2.3
IDAHO,1981,7.6499999999999995,2.3
IDAHO,1982,9.883333333333333,2.3
IDAHO,1983,9.075000000000001,2.3
IDAHO,1984,7.2,2.3
IDAHO,1985,7.808333333333334,2.3
IDAHO,1986,8.383333333333333,2.3
IDAHO,1987,7.625,2.3
IDAHO,1988,6.191666666666666,2.3
IDAHO,1989,5.483333333333333,2.3
IDAHO,1990,5.625,2.3
IDAHO,1991,6.341666666666666,3.8
IDAHO,1992,6.516666666666667,4.25
IDAHO,1993,6.075,4.25
IDAHO,1994,5.5,4.25
IDAHO,1995,5.5,4.25
IDAHO,1996,5.425,4.25
IDAHO,1997,5.216666666666667,4.25
IDAHO,1998,5.233333333333333,5.15
IDAHO,1999,5.008333333333334,5.15
IDAHO,2000,4.658333333333333,5.15
IDAHO,2001,5.083333333333333,5.15
IDAHO,2002,5.616666666666667,5.15
IDAHO,2003,5.566666666666666,5.15
IDAHO,2004,4.866666666666666,5.15
IDAHO,2005,3.9916666666666667,5.15
IDAHO,2006,3.4250000000000003,5.15
IDAHO,2007,3.025,5.15
IDAHO,2008,5.033333333333333,5.85
IDAHO,2009,8.708333333333334,6.55
IDAHO,2010,8.758333333333333,7.25
IDAHO,2011,8.166666666666666,7.25
IDAHO,2012,7.3999999999999995,7.25
IDAHO,2013,6.816666666666666,7.25
IDAHO,2014,4.383333333333334,7.25
IDAHO,2015,3.8666666666666667,7.25
IDAHO,2016,3.6750000000000003,7.25
IDAHO,2017,3.216666666666667,7.25
IDAHO,2018,2.875,7.25
IDAHO,2019,2.875,7.25
IDAHO,2020,5.516666666666667,7.25
ILLINOIS,1976,6.55,2.1
ILLINOIS,1977,6.191666666666666,2.1
ILLINOIS,1978,5.983333333333333,2.1
ILLINOIS,1979,5.583333333333333,2.3
ILLINOIS,1980,8.216666666666667,2.3
ILLINOIS,1981,8.625,2.3
ILLINOIS,1982,11.4,2.3
ILLINOIS,1983,11.708333333333334,2.3
ILLINOIS,1984,9.133333333333335,2.3
ILLINOIS,1985,9.058333333333334,2.3
ILLINOIS,1986,8.308333333333334,2.3
ILLINOIS,1987,7.466666666666666,2.3
ILLINOIS,1988,6.741666666666667,3.35
ILLINOIS,1989,6.066666666666666,3.35
ILLINOIS,1990,6.3,3.35
ILLINOIS,1991,7.283333333333334,3.8
ILLINOIS,1992,7.866666666666667,4.25
ILLINOIS,1993,7.491666666666667,4.25
ILLINOIS,1994,5.8,4.25
ILLINOIS,1995,5.2,4.25
ILLINOIS,1996,5.283333333333333,4.25
ILLINOIS,1997,4.7749999999999995,4.75
ILLINOIS,1998,4.45,5.15
ILLINOIS,1999,4.408333333333333,5.15
ILLINOIS,2000,4.441666666666667,5.15
ILLINOIS,2001,5.433333333333334,5.15
ILLINOIS,2002,6.55,5.15
ILLINOIS,2003,6.7250000000000005,5.15
ILLINOIS,2004,6.175,5.5
ILLINOIS,2005,5.716666666666666,6.5
ILLINOIS,2006,4.6000000000000005,6.5
ILLINOIS,2007,5.066666666666666,7.5
ILLINOIS,2008,6.508333333333333,7.75
ILLINOIS,2009,10.183333333333334,8.0
ILLINOIS,2010,10.466666666666667,8.25
ILLINOIS,2011,9.758333333333333,8.25
ILLINOIS,2012,9.049999999999999,8.25
ILLINOIS,2013,9.075000000000001,8.25
ILLINOIS,2014,7.166666666666667,8.25
ILLINOIS,2015,5.991666666666667,8.25
ILLINOIS,2016,5.883333333333333,8.25
ILLINOIS,2017,4.95,8.25
ILLINOIS,2018,4.3999999999999995,8.25
ILLINOIS,2019,3.966666666666667,9.25
ILLINOIS,2020,9.333333333333334,9.25
INDIANA,1976,6.033333333333334,1.25
INDIANA,1977,5.766666666666667,1.25
INDIANA,1978,5.55,1.25
INDIANA,1979,6.433333333333334,2.0
INDIANA,1980,9.716666666666667,2.0
INDIANA,1981,9.700000000000001,2.0
INDIANA,1982,11.983333333333334,2.0
INDIANA,1983,11.1,2.0
INDIANA,1984,8.466666666666667,2.0
INDIANA,1985,7.675,2.0
INDIANA,1986,6.808333333333334,2.0
INDIANA,1987,6.133333333333333,2.0
INDIANA,1988,5.175,2.0
INDIANA,1989,4.716666666666667,2.0
INDIANA,1990,5.108333333333333,2.0
INDIANA,1991,5.7,3.35
INDIANA,1992,6.091666666666666,3.35
INDIANA,1993,5.116666666666666,3.35
INDIANA,1994,4.658333333333333,3.35
INDIANA,1995,4.433333333333334,3.35
INDIANA,1996,3.966666666666667,3.35
INDIANA,1997,3.4166666666666665,3.35
INDIANA,1998,3.0083333333333333,3.35
INDIANA,1999,2.9499999999999997,3.35
INDIANA,2000,3.0500000000000003,5.15
INDIANA,2001,4.241666666666666,5.15
INDIANA,2002,5.191666666666666,5.15
INDIANA,2003,5.275,5.15
INDIANA,2004,5.3999999999999995,5.15
INDIANA,2005,5.391666666666667,5.15
INDIANA,2006,5.0,5.15
INDIANA,2007,4.625,5.15
INDIANA,2008,5.941666666666666,5.85
INDIANA,2009,10.433333333333334,6.55
INDIANA,2010,10.083333333333334,7.25
INDIANA,2011,8.908333333333333,7.25
INDIANA,2012,8.225,7.25
INDIANA,2013,7.5,7.25
INDIANA,2014,5.95,7.25
INDIANA,2015,4.783333333333333,7.25
INDIANA,2016,4.366666666666666,7.25
INDIANA,2017,3.4916666666666667,7.25
INDIANA,2018,3.4333333333333336,7.25
INDIANA,2019,3.2916666666666665,7.25
INDIANA,2020,7.341666666666666,7.25
IOWA,1976,4.083333333333333,0.0
IOWA,1977,4.008333333333334,0.0
IOWA,1978,3.841666666666667,0.0
IOWA,1979,4.175,0.0
IOWA,1980,5.933333333333334,0.0
IOWA,1981,6.516666666666667,0.0
IOWA,1982,8.4,0.0
IOWA,1983,8.233333333333333,0.0
IOWA,1984,7.0249999999999995,0.0
IOWA,1985,7.375,0.0
IOWA,1986,6.766666666666667,0.0
IOWA,1987,5.616666666666667,0.0
IOWA,1988,4.641666666666667,0.0
IOWA,1989,4.3,0.0
IOWA,1990,4.441666666666666,0.0
IOWA,1991,4.691666666666666,4.25
IOWA,1992,4.483333333333333,4.65
IOWA,1993,4.141666666666667,4.65
IOWA,1994,3.6,4.65
IOWA,1995,3.5083333333333333,4.65
IOWA,1996,3.5833333333333335,4.65
IOWA,1997,3.141666666666667,4.75
IOWA,1998,2.841666666666667,5.15
IOWA,1999,2.6583333333333337,5.15
IOWA,2000,2.6833333333333336,5.15
IOWA,2001,3.3249999999999997,5.15
IOWA,2002,4.0,5.15
IOWA,2003,4.45,5.15
IOWA,2004,4.5249999999999995,5.15
IOWA,2005,4.291666666666667,5.15
IOWA,2006,3.6999999999999997,5.15
IOWA,2007,3.716666666666667,5.15
IOWA,2008,4.183333333333334,7.25
IOWA,2009,6.3999999999999995,7.25
IOWA,2010,6.116666666666667,7.25
IOWA,2011,5.6499999999999995,7.25
IOWA,2012,5.058333333333334,7.25
IOWA,2013,4.7250000000000005,7.25
IOWA,2014,4.2250000000000005,7.25
IOWA,2015,3.6916666666666664,7.25
IOWA,2016,3.5749999999999997,7.25
IOWA,2017,3.0583333333333336,7.25
IOWA,2018,2.5749999999999997,7.25
IOWA,2019,2.6666666666666665,7.25
IOWA,2020,5.2,7.25
KANSAS,1976,4.1499999999999995,0.0
KANSAS,1977,3.875,0.0
KANSAS,1978,3.0416666666666665,0.0
KANSAS,1979,3.108333333333333,1.6
KANSAS,1980,4.3999999999999995,1.6
KANSAS,1981,4.325,1.6
KANSAS,1982,6.3,1.6
KANSAS,1983,5.891666666666667,1.6
KANSAS,1984,4.983333333333333,1.6
KANSAS,1985,5.133333333333333,1.6
KANSAS,1986,5.358333333333333,1.6
KANSAS,1987,4.816666666666666,1.6
KANSAS,1988,4.491666666666666,1.6
KANSAS,1989,4.1499999999999995,1.6
KANSAS,1990,4.25,1.6
KANSAS,1991,4.45,2.65
KANSAS,1992,4.566666666666666,2.65
KANSAS,1993,4.941666666666667,2.65
KANSAS,1994,4.783333333333333,2.65
KANSAS,1995,4.358333333333333,2.65
KANSAS,1996,4.25,2.65
KANSAS,1997,3.7916666666666665,2.65
KANSAS,1998,3.6750000000000003,2.65
KANSAS,1999,3.483333333333333,2.65
KANSAS,2000,3.775,2.65
KANSAS,2001,4.266666666666667,2.65
KANSAS,2002,5.083333333333333,2.65
KANSAS,2003,5.55,2.65
KANSAS,2004,5.508333333333333,2.65
KANSAS,2005,5.066666666666666,2.65
KANSAS,2006,4.425,2.65
KANSAS,2007,4.233333333333333,2.65
KANSAS,2008,4.608333333333333,2.65
KANSAS,2009,6.891666666666667,2.65
KANSAS,2010,6.933333333333334,7.25
KANSAS,2011,6.383333333333333,7.25
KANSAS,2012,5.716666666666666,7.25
KANSAS,2013,5.3,7.25
KANSAS,2014,4.508333333333334,7.25
KANSAS,2015,4.1499999999999995,7.25
KANSAS,2016,4.016666666666667,7.25
KANSAS,2017,3.6166666666666667,7.25
KANSAS,2018,3.358333333333333,7.25
KANSAS,2019,3.275,7.25
KANSAS,2020,5.8500000000000005,7.25
KENTUCKY,1976,5.416666666666667,1.6
KENTUCKY,1977,4.8500000000000005,1.6
KENTUCKY,1978,5.05,1.6
KENTUCKY,1979,5.533333333333334,2.0
KENTUCKY,1980,8.0,2.15
KENTUCKY,1981,8.591666666666667,2.15
KENTUCKY,1982,10.825000000000001,2.15
KENTUCKY,1983,11.266666666666666,2.15
KENTUCKY,1984,9.066666666666666,2.15
KENTUCKY,1985,9.0,2.15
KENTUCKY,1986,9.258333333333333,2.15
KENTUCKY,1987,8.275,2.15
KENTUCKY,1988,7.45,3.35
KENTUCKY,1989,6.341666666666666,3.35
KENTUCKY,1990,6.041666666666667,3.35
KENTUCKY,1991,7.316666666666666,3.8
KENTUCKY,1992,6.891666666666667,4.25
KENTUCKY,1993,6.191666666666666,4.25
KENTUCKY,1994,5.3500000000000005,4.25
KENTUCKY,1995,5.3999999999999995,4.25
KENTUCKY,1996,5.383333333333333,4.25
KENTUCKY,1997,5.2250000000000005,4.25
KENTUCKY,1998,4.508333333333334,4.25
KENTUCKY,1999,4.491666666666666,4.25
KENTUCKY,2000,4.141666666666667,5.15
KENTUCKY,2001,5.208333333333333,5.15
KENTUCKY,2002,5.791666666666667,5.15
KENTUCKY,2003,6.191666666666666,5.15
KENTUCKY,2004,5.5,5.15
KENTUCKY,2005,5.875,5.15
KENTUCKY,2006,5.7250000000000005,5.15
KENTUCKY,2007,5.366666666666667,5.15
KENTUCKY,2008,6.5249999999999995,5.85
KENTUCKY,2009,10.766666666666666,6.55
KENTUCKY,2010,10.266666666666667,7.25
KENTUCKY,2011,9.375,7.25
KENTUCKY,2012,8.2,7.25
KENTUCKY,2013,7.916666666666667,7.25
KENTUCKY,2014,6.416666666666667,7.25
KENTUCKY,2015,5.233333333333333,7.25
KENTUCKY,2016,5.033333333333333,7.25
KENTUCKY,2017,4.7749999999999995,7.25
KENTUCKY,2018,4.2,7.25
KENTUCKY,2019,4.1,7.25
KENTUCKY,2020,6.449999999999999,7.25
LOUISIANA,1976,6.641666666666667,0.0
LOUISIANA,1977,6.933333333333334,0.0
LOUISIANA,1978,6.8,0.0
LOUISIANA,1979,6.6499999999999995,0.0
LOUISIANA,1980,7.05,0.0
LOUISIANA,1981,8.441666666666666,0.0
LOUISIANA,1982,10.216666666666667,0.0
LOUISIANA,1983,11.549999999999999,0.0
LOUISIANA,1984,10.208333333333334,0.0
LOUISIANA,1985,11.441666666666668,0.0
LOUISIANA,1986,12.516666666666666,0.0
LOUISIANA,1987,11.825000000000001,0.0
LOUISIANA,1988,10.591666666666667,0.0
LOUISIANA,1989,7.858333333333333,0.0
LOUISIANA,1990,6.233333333333333,0.0
LOUISIANA,1991,7.241666666666667,0.0
LOUISIANA,1992,7.833333333333333,0.0
LOUISIANA,1993,7.458333333333333,0.0
LOUISIANA,1994,7.6499999999999995,0.0
LOUISIANA,1995,6.866666666666667,0.0
LOUISIANA,1996,6.458333333333333,0.0
LOUISIANA,1997,5.883333333333333,0.0
LOUISIANA,1998,5.516666666666667,0.0
LOUISIANA,1999,4.9750000000000005,0.0
LOUISIANA,2000,5.15,0.0
LOUISIANA,2001,5.6000000000000005,0.0
LOUISIANA,2002,5.991666666666667,0.0
LOUISIANA,2003,6.283333333333334,0.0
LOUISIANA,2004,5.7,0.0
LOUISIANA,2005,7.058333333333334,0.0
LOUISIANA,2006,4.133333333333334,0.0
LOUISIANA,2007,4.091666666666667,0.0
LOUISIANA,2008,4.666666666666667,0.0
LOUISIANA,2009,6.791666666666667,0.0
LOUISIANA,2010,7.516666666666667,0.0
LOUISIANA,2011,7.433333333333334,0.0
LOUISIANA,2012,6.766666666666667,0.0
LOUISIANA,2013,6.416666666666667,0.0
LOUISIANA,2014,6.25,0.0
LOUISIANA,2015,6.291666666666667,0.0
LOUISIANA,2016,6.066666666666666,0.0
LOUISIANA,2017,5.108333333333333,0.0
LOUISIANA,2018,4.825,0.0
LOUISIANA,2019,4.616666666666666,0.0
LOUISIANA,2020,8.666666666666666,0.0
MAINE,1976,8.65,2.3
MAINE,1977,8.358333333333333,2.3
MAINE,1978,6.416666666666667,2.3
MAINE,1979,6.625,2.9
MAINE,1980,7.4750000000000005,3.1
MAINE,1981,7.241666666666667,3.35
MAINE,1982,8.583333333333334,3.35
MAINE,1983,8.283333333333333,3.35
MAINE,1984,6.125,3.35
MAINE,1985,5.558333333333334,3.35
MAINE,1986,5.2749999999999995,3.35
MAINE,1987,4.366666666666666,3.35
MAINE,1988,3.6833333333333336,3.65
MAINE,1989,4.008333333333334,3.65
MAINE,1990,5.358333333333333,3.65
MAINE,1991,7.783333333333334,3.85
MAINE,1992,7.333333333333333,4.25
MAINE,1993,6.816666666666666,4.25
MAINE,1994,6.566666666666666,4.25
MAINE,1995,5.875,4.25
MAINE,1996,5.325,4.25
MAINE,1997,5.191666666666666,4.75
MAINE,1998,4.458333333333333,5.15
MAINE,1999,4.008333333333334,5.15
MAINE,2000,3.3333333333333335,5.15
MAINE,2001,3.75,5.15
MAINE,2002,4.458333333333333,5.75
MAINE,2003,5.1499999999999995,6.25
MAINE,2004,4.658333333333333,6.25
MAINE,2005,4.891666666666667,6.35
MAINE,2006,4.716666666666667,6.5
MAINE,2007,4.691666666666666,6.75
MAINE,2008,5.3999999999999995,7.0
MAINE,2009,8.391666666666667,7.25
MAINE,2010,8.416666666666666,7.5
MAINE,2011,7.7250000000000005,7.5
MAINE,2012,7.191666666666666,7.5
MAINE,2013,6.683333333333334,7.5
MAINE,2014,5.558333333333334,7.5
MAINE,2015,4.383333333333334,7.5
MAINE,2016,3.775,7.5
MAINE,2017,3.358333333333333,9.0
MAINE,2018,3.1750000000000003,10.0
MAINE,2019,2.9416666666666664,12.0
MAINE,2020,5.116666666666667,12.0
MARYLAND,1976,6.55,2.2
MARYLAND,1977,6.108333333333333,2.2
MARYLAND,1978,5.608333333333333,2.2
MARYLAND,1979,5.7749999999999995,2.9
MARYLAND,1980,6.6000000000000005,3.1
MARYLAND,1981,7.083333333333333,3.35
MARYLAND,1982,8.258333333333333,3.35
MARYLAND,1983,6.933333333333334,3.35
MARYLAND,1984,5.341666666666666,3.35
MARYLAND,1985,4.625,3.35
MARYLAND,1986,4.55,3.35
MARYLAND,1987,4.308333333333334,3.35
MARYLAND,1988,4.175,3.35
MARYLAND,1989,3.7916666666666665,3.35
MARYLAND,1990,4.325,3.35
MARYLAND,1991,5.941666666666666,3.8
MARYLAND,1992,6.533333333333334,4.25
MARYLAND,1993,5.991666666666666,4.25
MARYLAND,1994,5.2,4.25
MARYLAND,1995,4.983333333333333,4.25
MARYLAND,1996,4.933333333333333,4.25
MARYLAND,1997,4.808333333333334,4.75
MARYLAND,1998,4.241666666666666,5.15
MARYLAND,1999,3.4583333333333335,5.15
MARYLAND,2000,3.516666666666667,5.15
MARYLAND,2001,4.208333333333333,5.15
MARYLAND,2002,4.7749999999999995,5.15
MARYLAND,2003,4.8,5.15
MARYLAND,2004,4.616666666666666,5.15
MARYLAND,2005,4.4750000000000005,5.15
MARYLAND,2006,4.175,5.15
MARYLAND,2007,3.733333333333334,6.15
MARYLAND,2008,4.5249999999999995,6.15
MARYLAND,2009,7.55,6.55
MARYLAND,2010,7.825,7.25
MARYLAND,2011,7.316666666666666,7.25
MARYLAND,2012,6.866666666666667,7.25
MARYLAND,2013,6.516666666666667,7.25
MARYLAND,2014,5.733333333333333,7.25
MARYLAND,2015,4.991666666666666,8.25
MARYLAND,2016,4.291666666666667,8.75
MARYLAND,2017,4.0,8.75
MARYLAND,2018,3.8166666666666664,10.1
MARYLAND,2019,3.391666666666667,11.0
MARYLAND,2020,6.516666666666667,11.0
MASSACHUSETTS,1976,9.741666666666667,2.1
MASSACHUSETTS,1977,7.866666666666667,2.1
MASSACHUSETTS,1978,6.158333333333334,2.1
MASSACHUSETTS,1979,5.483333333333333,2.9
MASSACHUSETTS,1980,5.766666666666667,3.1
MASSACHUSETTS,1981,6.391666666666667,3.35
MASSACHUSETTS,1982,7.791666666666667,3.35
MASSACHUSETTS,1983,6.933333333333334,3.35
MASSACHUSETTS,1984,4.7749999999999995,3.35
MASSACHUSETTS,1985,4.1499999999999995,3.35
MASSACHUSETTS,1986,4.0,3.35
MASSACHUSETTS,1987,3.341666666666667,3.35
MASSACHUSETTS,1988,3.3083333333333336,3.65
MASSACHUSETTS,1989,4.2250000000000005,3.65
MASSACHUSETTS,1990,6.383333333333333,3.65
MASSACHUSETTS,1991,8.858333333333333,3.75
MASSACHUSETTS,1992,8.775,4.25
MASSACHUSETTS,1993,7.3,4.25
MASSACHUSETTS,1994,6.233333333333333,4.25
MASSACHUSETTS,1995,5.458333333333333,4.25
MASSACHUSETTS,1996,4.616666666666667,4.75
MASSACHUSETTS,1997,4.058333333333334,5.25
MASSACHUSETTS,1998,3.375,5.25
MASSACHUSETTS,1999,3.283333333333333,5.25
MASSACHUSETTS,2000,2.8166666666666664,6.0
MASSACHUSETTS,2001,3.783333333333333,6.75
MASSACHUSETTS,2002,5.216666666666667,6.75
MASSACHUSETTS,2003,5.733333333333333,6.75
MASSACHUSETTS,2004,5.108333333333333,6.75
MASSACHUSETTS,2005,4.8,6.75
MASSACHUSETTS,2006,4.7,6.75
MASSACHUSETTS,2007,4.516666666666667,7.5
MASSACHUSETTS,2008,5.333333333333333,8.0
MASSACHUSETTS,2009,8.075000000000001,8.0
MASSACHUSETTS,2010,8.058333333333334,8.0
MASSACHUSETTS,2011,7.2250000000000005,8.0
MASSACHUSETTS,2012,6.7,8.0
MASSACHUSETTS,2013,6.641666666666667,8.0
MASSACHUSETTS,2014,5.741666666666667,8.0
MASSACHUSETTS,2015,4.791666666666667,9.0
MASSACHUSETTS,2016,4.041666666666667,10.0
MASSACHUSETTS,2017,3.7916666666666665,11.0
MASSACHUSETTS,2018,3.475,11.0
MASSACHUSETTS,2019,3.016666666666667,12.75
MASSACHUSETTS,2020,9.424999999999999,12.75
MICHIGAN,1976,9.4,2.2
MICHIGAN,1977,8.225,2.2
MICHIGAN,1978,7.033333333333334,2.2
MICHIGAN,1979,7.866666666666667,2.9
MICHIGAN,1980,12.299999999999999,3.1
MICHIGAN,1981,12.375,3.35
MICHIGAN,1982,15.458333333333334,3.35
MICHIGAN,1983,14.483333333333334,3.35
MICHIGAN,1984,11.233333333333334,3.35
MICHIGAN,1985,10.0,3.35
MICHIGAN,1986,8.908333333333333,3.35
MICHIGAN,1987,8.391666666666667,3.35
MICHIGAN,1988,7.566666666666666,3.35
MICHIGAN,1989,7.183333333333334,3.35
MICHIGAN,1990,7.7,3.35
MICHIGAN,1991,9.283333333333333,3.35
MICHIGAN,1992,9.066666666666666,3.35
MICHIGAN,1993,7.3500000000000005,3.35
MICHIGAN,1994,6.083333333333333,3.35
MICHIGAN,1995,5.316666666666666,3.35
MICHIGAN,1996,4.891666666666667,3.35
MICHIGAN,1997,4.291666666666667,3.35
MICHIGAN,1998,3.975,5.15
MICHIGAN,1999,3.7416666666666667,5.15
MICHIGAN,2000,3.6916666666666664,5.15
MICHIGAN,2001,5.158333333333333,5.15
MICHIGAN,2002,6.191666666666666,5.15
MICHIGAN,2003,7.091666666666666,5.15
MICHIGAN,2004,6.95,5.15
MICHIGAN,2005,6.791666666666667,5.15
MICHIGAN,2006,7.033333333333334,5.15
MICHIGAN,2007,7.083333333333333,6.95
MICHIGAN,2008,8.216666666666667,7.15
MICHIGAN,2009,13.133333333333333,7.4
MICHIGAN,2010,12.191666666666668,7.4
MICHIGAN,2011,10.008333333333333,7.4
MICHIGAN,2012,9.058333333333334,7.4
MICHIGAN,2013,8.725,7.4
MICHIGAN,2014,7.233333333333333,8.15
MICHIGAN,2015,5.425,8.15
MICHIGAN,2016,5.008333333333334,8.5
MICHIGAN,2017,4.575,8.9
MICHIGAN,2018,4.158333333333333,9.25
MICHIGAN,2019,4.066666666666666,9.65
MICHIGAN,2020,10.0,9.65
MINNESOTA,1976,5.8,1.8
MINNESOTA,1977,5.2749999999999995,1.8
MINNESOTA,1978,3.908333333333333,1.8
MINNESOTA,1979,4.325,2.3
MINNESOTA,1980,5.758333333333333,2.9
MINNESOTA,1981,5.758333333333333,3.1
MINNESOTA,1982,7.925,3.1
MINNESOTA,1983,7.925,3.1
MINNESOTA,1984,6.291666666666667,3.1
MINNESOTA,1985,6.0249999999999995,3.1
MINNESOTA,1986,5.583333333333333,3.1
MINNESOTA,1987,5.083333333333333,3.1
MINNESOTA,1988,4.316666666666666,3.55
MINNESOTA,1989,4.3500000000000005,3.55
MINNESOTA,1990,4.708333333333333,3.55
MINNESOTA,1991,5.108333333333333,4.25
MINNESOTA,1992,5.033333333333333,4.25
MINNESOTA,1993,4.841666666666667,4.25
MINNESOTA,1994,4.016666666666667,4.25
MINNESOTA,1995,3.6666666666666665,4.25
MINNESOTA,1996,3.783333333333333,4.25
MINNESOTA,1997,3.225,4.25
MINNESOTA,1998,2.6750000000000003,5.15
MINNESOTA,1999,2.7083333333333335,5.15
MINNESOTA,2000,3.033333333333333,4.9
MINNESOTA,2001,3.775,4.9
MINNESOTA,2002,4.466666666666667,4.9
MINNESOTA,2003,4.783333333333333,4.9
MINNESOTA,2004,4.583333333333333,4.9
MINNESOTA,2005,4.1,4.9
MINNESOTA,2006,4.058333333333333,5.25
MINNESOTA,2007,4.583333333333333,5.25
MINNESOTA,2008,5.433333333333334,5.25
MINNESOTA,2009,7.908333333333334,5.25
MINNESOTA,2010,7.391666666666667,5.25
MINNESOTA,2011,6.5249999999999995,5.25
MINNESOTA,2012,5.6499999999999995,5.25
MINNESOTA,2013,5.041666666666667,5.25
MINNESOTA,2014,4.266666666666667,6.5
MINNESOTA,2015,3.7916666666666665,7.25
MINNESOTA,2016,3.875,7.25
MINNESOTA,2017,3.483333333333333,7.75
MINNESOTA,2018,3.025,8.04
MINNESOTA,2019,3.25,8.15
MINNESOTA,2020,6.266666666666667,8.15
MISSISSIPPI,1976,6.491666666666667,0.0
MISSISSIPPI,1977,7.208333333333333,0.0
MISSISSIPPI,1978,6.75,0.0
MISSISSIPPI,1979,5.733333333333333,0.0
MISSISSIPPI,1980,7.3999999999999995,0.0
MISSISSIPPI,1981,8.516666666666667,0.0
MISSISSIPPI,1982,11.008333333333333,0.0
MISSISSIPPI,1983,11.966666666666667,0.0
MISSISSIPPI,1984,10.616666666666665,0.0
MISSISSIPPI,1985,10.433333333333334,0.0
MISSISSIPPI,1986,11.424999999999999,0.0
MISSISSIPPI,1987,10.049999999999999,0.0
MISSISSIPPI,1988,8.549999999999999,0.0
MISSISSIPPI,1989,7.908333333333334,0.0
MISSISSIPPI,1990,7.583333333333333,0.0
MISSISSIPPI,1991,8.391666666666667,0.0
MISSISSIPPI,1992,7.974999999999999,0.0
MISSISSIPPI,1993,6.733333333333333,0.0
MISSISSIPPI,1994,6.291666666666667,0.0
MISSISSIPPI,1995,6.2,0.0
MISSISSIPPI,1996,5.991666666666667,0.0
MISSISSIPPI,1997,5.7,0.0
MISSISSIPPI,1998,5.241666666666666,0.0
MISSISSIPPI,1999,5.108333333333333,0.0
MISSISSIPPI,2000,5.325,0.0
MISSISSIPPI,2001,5.491666666666667,0.0
MISSISSIPPI,2002,6.425,0.0
MISSISSIPPI,2003,6.141666666666667,0.0
MISSISSIPPI,2004,6.158333333333334,0.0
MISSISSIPPI,2005,7.6000000000000005,0.0
MISSISSIPPI,2006,6.375,0.0
MISSISSIPPI,2007,6.1499999999999995,0.0
MISSISSIPPI,2008,6.708333333333333,0.0
MISSISSIPPI,2009,9.358333333333333,0.0
MISSISSIPPI,2010,10.083333333333334,0.0
MISSISSIPPI,2011,9.775,0.0
MISSISSIPPI,2012,8.825000000000001,0.0
MISSISSIPPI,2013,8.491666666666665,0.0
MISSISSIPPI,2014,7.591666666666666,0.0
MISSISSIPPI,2015,6.483333333333333,0.0
MISSISSIPPI,2016,5.966666666666666,0.0
MISSISSIPPI,2017,5.233333333333333,0.0
MISSISSIPPI,2018,4.958333333333333,0.0
MISSISSIPPI,2019,5.5249999999999995,0.0
MISSISSIPPI,2020,8.049999999999999,0.0
MISSOURI,1976,6.183333333333334,0.0
MISSOURI,1977,6.016666666666667,0.0
MISSOURI,1978,4.8999999999999995,0.0
MISSOURI,1979,4.791666666666667,0.0
MISSOURI,1980,7.183333333333334,0.0
MISSOURI,1981,7.708333333333333,0.0
MISSOURI,1982,9.266666666666667,0.0
MISSOURI,1983,9.958333333333334,0.0
MISSOURI,1984,7.375,0.0
MISSOURI,1985,6.616666666666667,0.0
MISSOURI,1986,6.391666666666667,0.0
MISSOURI,1987,6.25,0.0
MISSOURI,1988,5.7,0.0
MISSOURI,1989,5.55,0.0
MISSOURI,1990,5.916666666666667,0.0
MISSOURI,1991,6.566666666666666,3.8
MISSOURI,1992,6.175,4.25
MISSOURI,1993,6.2250000000000005,4.25
MISSOURI,1994,5.175,4.25
MISSOURI,1995,4.825,4.25
MISSOURI,1996,4.708333333333333,4.25
MISSOURI,1997,4.3500000000000005,4.75
MISSOURI,1998,4.033333333333333,5.15
MISSOURI,1999,3.233333333333333,5.15
MISSOURI,2000,3.4166666666666665,5.15
MISSOURI,2001,4.491666666666666,5.15
MISSOURI,2002,5.283333333333333,5.15
MISSOURI,2003,5.658333333333334,5.15
MISSOURI,2004,5.875,5.15
MISSOURI,2005,5.3999999999999995,5.15
MISSOURI,2006,4.875,5.15
MISSOURI,2007,5.083333333333333,6.5
MISSOURI,2008,6.216666666666666,6.65
MISSOURI,2009,9.025,7.05
MISSOURI,2010,9.508333333333333,7.25
MISSOURI,2011,8.641666666666667,7.25
MISSOURI,2012,7.191666666666666,7.25
MISSOURI,2013,6.7749999999999995,7.35
MISSOURI,2014,6.1499999999999995,7.5
MISSOURI,2015,5.108333333333333,7.65
MISSOURI,2016,4.55,7.65
MISSOURI,2017,3.7416666666666667,7.7
MISSOURI,2018,3.2416666666666667,7.85
MISSOURI,2019,3.2083333333333335,9.45
MISSOURI,2020,6.191666666666666,9.45
MONTANA,1976,5.875,1.8
MONTANA,1977,6.1499999999999995,1.8
MONTANA,1978,5.566666666666666,1.8
MONTANA,1979,5.208333333333333,2.0
MONTANA,1980,6.316666666666666,2.0
MONTANA,1981,6.7250000000000005,2.0
MONTANA,1982,8.608333333333333,2.0
MONTANA,1983,8.741666666666667,2.0
MONTANA,1984,7.508333333333333,2.0
MONTANA,1985,7.666666666666667,2.0
MONTANA,1986,7.95,2.0
MONTANA,1987,7.466666666666666,2.0
MONTANA,1988,6.633333333333333,3.35
MONTANA,1989,5.958333333333333,3.35
MONTANA,1990,6.058333333333334,3.35
MONTANA,1991,6.933333333333334,3.8
MONTANA,1992,6.708333333333333,4.25
MONTANA,1993,6.116666666666667,4.25
MONTANA,1994,5.491666666666667,4.25
MONTANA,1995,5.708333333333333,4.25
MONTANA,1996,5.558333333333334,4.25
MONTANA,1997,5.5,4.75
MONTANA,1998,5.608333333333333,5.15
MONTANA,1999,5.308333333333334,5.15
MONTANA,2000,4.833333333333333,4.0
MONTANA,2001,4.608333333333333,4.0
MONTANA,2002,4.55,4.0
MONTANA,2003,4.741666666666666,4.0
MONTANA,2004,4.508333333333334,4.0
MONTANA,2005,4.066666666666666,4.0
MONTANA,2006,3.341666666666667,4.0
MONTANA,2007,3.358333333333333,4.0
MONTANA,2008,4.7250000000000005,4.0
MONTANA,2009,7.116666666666667,4.0
MONTANA,2010,7.183333333333334,4.0
MONTANA,2011,6.625,4.0
MONTANA,2012,5.8,4.0
MONTANA,2013,5.341666666666666,4.0
MONTANA,2014,4.666666666666667,7.9
MONTANA,2015,4.291666666666667,8.05
MONTANA,2016,4.325,8.05
MONTANA,2017,4.091666666666666,8.15
MONTANA,2018,3.75,8.3
MONTANA,2019,3.5,8.65
MONTANA,2020,5.841666666666666,8.65
NEBRASKA,1976,3.15,1.6
NEBRASKA,1977,3.3666666666666667,1.6
NEBRASKA,1978,2.966666666666667,1.6
NEBRASKA,1979,2.85,1.6
NEBRASKA,1980,3.8083333333333336,1.6
NEBRASKA,1981,4.125,1.6
NEBRASKA,1982,5.5,1.6
NEBRASKA,1983,5.566666666666666,1.6
NEBRASKA,1984,4.491666666666667,1.6
NEBRASKA,1985,5.05,1.6
NEBRASKA,1986,4.833333333333333,1.6
NEBRASKA,1987,4.208333333333333,1.6
NEBRASKA,1988,3.4416666666666664,3.35
NEBRASKA,1989,2.858333333333333,3.35
NEBRASKA,1990,2.375,3.35
NEBRASKA,1991,2.6583333333333337,3.35
NEBRASKA,1992,2.8666666666666667,4.25
NEBRASKA,1993,2.766666666666667,4.25
NEBRASKA,1994,2.6166666666666667,4.25
NEBRASKA,1995,2.6333333333333333,4.25
NEBRASKA,1996,2.6666666666666665,4.25
NEBRASKA,1997,2.408333333333333,4.25
NEBRASKA,1998,2.5083333333333333,5.15
NEBRASKA,1999,2.716666666666667,5.15
NEBRASKA,2000,2.7916666666666665,5.15
NEBRASKA,2001,3.15,5.15
NEBRASKA,2002,3.6833333333333336,5.15
NEBRASKA,2003,3.9416666666666664,5.15
NEBRASKA,2004,3.908333333333333,5.15
NEBRASKA,2005,3.7583333333333333,5.15
NEBRASKA,2006,3.0416666666666665,5.15
NEBRASKA,2007,2.9250000000000003,5.15
NEBRASKA,2008,3.2583333333333333,5.85
NEBRASKA,2009,4.658333333333333,6.55
NEBRASKA,2010,4.7,7.25
NEBRASKA,2011,4.3999999999999995,7.25
NEBRASKA,2012,3.8833333333333333,7.25
NEBRASKA,2013,3.6750000000000003,7.25
NEBRASKA,2014,3.25,7.25
NEBRASKA,2015,2.983333333333333,8.0
NEBRASKA,2016,3.0666666666666664,9.0
NEBRASKA,2017,2.975,9.0
NEBRASKA,2018,2.9250000000000003,9.0
NEBRASKA,2019,3.125,9.0
NEBRASKA,2020,4.308333333333334,9.0
NEVADA,1976,8.825,2.2
NEVADA,1977,6.766666666666667,2.2
NEVADA,1978,4.416666666666667,2.2
NEVADA,1979,4.866666666666666,2.75
NEVADA,1980,6.316666666666666,2.75
NEVADA,1981,7.316666666666666,2.75
NEVADA,1982,10.049999999999999,2.75
NEVADA,1983,9.841666666666667,2.75
NEVADA,1984,7.658333333333334,2.75
NEVADA,1985,7.4750000000000005,2.75
NEVADA,1986,6.383333333333333,2.75
NEVADA,1987,6.2,2.75
NEVADA,1988,5.241666666666666,3.35
NEVADA,1989,4.658333333333333,3.35
NEVADA,1990,4.7,3.35
NEVADA,1991,5.8999999999999995,3.8
NEVADA,1992,6.8,4.25
NEVADA,1993,6.8999999999999995,4.25
NEVADA,1994,6.241666666666667,4.25
NEVADA,1995,5.566666666666666,4.25
NEVADA,1996,5.058333333333334,4.25
NEVADA,1997,4.375,4.75
NEVADA,1998,4.175,5.15
NEVADA,1999,3.9666666666666663,5.15
NEVADA,2000,4.116666666666666,5.15
NEVADA,2001,5.191666666666666,5.15
NEVADA,2002,5.683333333333334,5.15
NEVADA,2003,5.283333333333334,5.15
NEVADA,2004,4.458333333333333,5.15
NEVADA,2005,4.125,5.15
NEVADA,2006,4.066666666666666,5.15
NEVADA,2007,4.591666666666667,6.15
NEVADA,2008,6.883333333333333,6.33
NEVADA,2009,11.725,6.55
NEVADA,2010,13.733333333333334,6.55
NEVADA,2011,13.316666666666668,7.25
NEVADA,2012,11.608333333333334,7.25
NEVADA,2013,9.966666666666667,7.25
NEVADA,2014,8.158333333333333,7.25
NEVADA,2015,6.8500000000000005,7.25
NEVADA,2016,5.808333333333334,7.25
NEVADA,2017,4.983333333333333,7.25
NEVADA,2018,4.383333333333334,7.25
NEVADA,2019,4.108333333333333,7.25
NEVADA,2020,13.700000000000001,7.25
NEW HAMPSHIRE,1976,6.425,2.2
NEW HAMPSHIRE,1977,5.566666666666666,2.2
NEW HAMPSHIRE,1978,3.8166666666666664,2.2
NEW HAMPSHIRE,1979,3.1333333333333333,2.9
NEW HAMPSHIRE,1980,4.508333333333334,3.1
NEW HAMPSHIRE,1981,5.058333333333334,3.35
NEW HAMPSHIRE,1982,6.866666666666667,3.35
NEW HAMPSHIRE,1983,5.5,3.35
NEW HAMPSHIRE,1984,4.2,3.35
NEW HAMPSHIRE,1985,3.658333333333333,3.35
NEW HAMPSHIRE,1986,2.658333333333333,3.35
NEW HAMPSHIRE,1987,2.2083333333333335,3.35
NEW HAMPSHIRE,1988,2.375,3.55
NEW HAMPSHIRE,1989,3.341666666666667,3.55
NEW HAMPSHIRE,1990,5.2749999999999995,3.55
NEW HAMPSHIRE,1991,6.8,3.85
NEW HAMPSHIRE,1992,7.3,4.25
NEW HAMPSHIRE,1993,6.1000000000000005,4.25
NEW HAMPSHIRE,1994,4.491666666666666,4.25
NEW HAMPSHIRE,1995,3.8249999999999997,4.25
NEW HAMPSHIRE,1996,3.7416666666666667,4.25
NEW HAMPSHIRE,1997,3.3666666666666667,4.75
NEW HAMPSHIRE,1998,2.8333333333333335,5.15
NEW HAMPSHIRE,1999,2.75,5.15
NEW HAMPSHIRE,2000,2.65,5.15
NEW HAMPSHIRE,2001,3.391666666666667,5.15
NEW HAMPSHIRE,2002,4.491666666666666,5.15
NEW HAMPSHIRE,2003,4.466666666666667,5.15
NEW HAMPSHIRE,2004,3.8000000000000003,5.15
NEW HAMPSHIRE,2005,3.625,5.15
NEW HAMPSHIRE,2006,3.533333333333333,5.15
NEW HAMPSHIRE,2007,3.525,5.15
NEW HAMPSHIRE,2008,3.766666666666666,6.5
NEW HAMPSHIRE,2009,6.141666666666667,7.25
NEW HAMPSHIRE,2010,6.083333333333333,7.25
NEW HAMPSHIRE,2011,5.45,7.25
NEW HAMPSHIRE,2012,5.466666666666666,7.25
NEW HAMPSHIRE,2013,5.25,7.25
NEW HAMPSHIRE,2014,4.325,7.25
NEW HAMPSHIRE,2015,3.391666666666667,7.25
NEW HAMPSHIRE,2016,2.8833333333333333,7.25
NEW HAMPSHIRE,2017,2.808333333333333,7.25
NEW HAMPSHIRE,2018,2.625,7.25
NEW HAMPSHIRE,2019,2.566666666666667,7.25
NEW HAMPSHIRE,2020,6.716666666666666,7.25
NEW JERSEY,1976,10.383333333333335,2.2
NEW JERSEY,1977,9.283333333333333,2.2
NEW JERSEY,1978,7.241666666666667,2.2
NEW JERSEY,1979,6.866666666666667,2.5
NEW JERSEY,1980,7.175,3.1
NEW JERSEY,1981,7.5249999999999995,3.35
NEW JERSEY,1982,8.708333333333334,3.35
NEW JERSEY,1983,8.191666666666666,3.35
NEW JERSEY,1984,6.266666666666667,3.35
NEW JERSEY,1985,5.608333333333333,3.35
NEW JERSEY,1986,5.033333333333333,3.35
NEW JERSEY,1987,4.033333333333333,3.35
NEW JERSEY,1988,3.75,3.35
NEW JERSEY,1989,4.05,3.35
NEW JERSEY,1990,5.066666666666666,3.35
NEW JERSEY,1991,6.783333333333334,3.8
NEW JERSEY,1992,8.508333333333333,4.25
NEW JERSEY,1993,7.7749999999999995,4.25
NEW JERSEY,1994,6.825,5.05
NEW JERSEY,1995,6.416666666666667,5.05
NEW JERSEY,1996,6.116666666666667,5.05
NEW JERSEY,1997,5.325,5.05
NEW JERSEY,1998,4.558333333333334,5.05
NEW JERSEY,1999,4.3999999999999995,5.05
NEW JERSEY,2000,3.6500000000000004,5.15
NEW JERSEY,2001,4.233333333333333,5.15
NEW JERSEY,2002,5.766666666666667,5.15
NEW JERSEY,2003,5.841666666666666,5.15
NEW JERSEY,2004,4.925,5.15
NEW JERSEY,2005,4.441666666666666,5.15
NEW JERSEY,2006,4.616666666666666,6.15
NEW JERSEY,2007,4.208333333333333,7.15
NEW JERSEY,2008,5.45,7.15
NEW JERSEY,2009,8.933333333333334,7.15
NEW JERSEY,2010,9.658333333333333,7.25
NEW JERSEY,2011,9.375,7.25
NEW JERSEY,2012,9.383333333333335,7.25
NEW JERSEY,2013,8.375,7.25
NEW JERSEY,2014,6.733333333333333,8.25
NEW JERSEY,2015,5.7,8.38
NEW JERSEY,2016,4.941666666666666,8.38
NEW JERSEY,2017,4.533333333333333,8.44
NEW JERSEY,2018,4.008333333333334,8.6
NEW JERSEY,2019,3.4499999999999997,11.0
NEW JERSEY,2020,9.450000000000001,11.0
NEW MEXICO,1976,8.716666666666667,2.0
NEW MEXICO,1977,7.733333333333333,2.0
NEW MEXICO,1978,6.191666666666666,2.0
NEW MEXICO,1979,6.666666666666667,2.3
NEW MEXICO,1980,7.608333333333333,2.65
NEW MEXICO,1981,7.2250000000000005,2.9
NEW MEXICO,1982,9.033333333333333,2.9
NEW MEXICO,1983,9.708333333333334,2.9
NEW MEXICO,1984,7.716666666666666,2.9
NEW MEXICO,1985,8.575,2.9
NEW MEXICO,1986,9.233333333333333,2.9
NEW MEXICO,1987,8.924999999999999,2.9
NEW MEXICO,1988,7.591666666666666,3.35
NEW MEXICO,1989,6.75,3.35
NEW MEXICO,1990,6.675,3.35
NEW MEXICO,1991,7.266666666666667,3.35
NEW MEXICO,1992,7.316666666666666,3.35
NEW MEXICO,1993,7.283333333333334,3.35
NEW MEXICO,1994,6.533333333333334,4.25
NEW MEXICO,1995,6.6499999999999995,4.25
NEW MEXICO,1996,7.483333333333333,4.25
NEW MEXICO,1997,6.433333333333334,4.25
NEW MEXICO,1998,6.241666666666667,4.25
NEW MEXICO,1999,5.6000000000000005,4.25
NEW MEXICO,2000,5.0249999999999995,4.25
NEW MEXICO,2001,4.958333333333333,4.25
NEW MEXICO,2002,5.483333333333333,4.25
NEW MEXICO,2003,5.8999999999999995,4.25
NEW MEXICO,2004,5.558333333333334,5.15
NEW MEXICO,2005,5.183333333333334,5.15
NEW MEXICO,2006,4.233333333333333,5.15
NEW MEXICO,2007,3.591666666666667,5.15
NEW MEXICO,2008,4.3,6.5
NEW MEXICO,2009,7.05,7.5
NEW MEXICO,2010,7.7749999999999995,7.5
NEW MEXICO,2011,7.216666666666666,7.5
NEW MEXICO,2012,6.966666666666666,7.5
NEW MEXICO,2013,6.908333333333334,7.5
NEW MEXICO,2014,6.591666666666666,7.5
NEW MEXICO,2015,6.6000000000000005,7.5
NEW MEXICO,2016,6.75,7.5
NEW MEXICO,2017,6.041666666666667,7.5
NEW MEXICO,2018,4.925,7.5
NEW MEXICO,2019,4.958333333333333,9.0
NEW MEXICO,2020,7.925,9.0
NEW YORK,1976,10.208333333333334,2.3
NEW YORK,1977,9.166666666666666,2.3
NEW YORK,1978,7.708333333333333,2.3
NEW YORK,1979,7.1000000000000005,2.9
NEW YORK,1980,7.433333333333334,3.1
NEW YORK,1981,7.558333333333334,3.35
NEW YORK,1982,8.700000000000001,3.35
NEW YORK,1983,8.883333333333333,3.35
NEW YORK,1984,7.2250000000000005,3.35
NEW YORK,1985,6.6000000000000005,3.35
NEW YORK,1986,6.216666666666666,3.35
NEW YORK,1987,4.791666666666667,3.35
NEW YORK,1988,4.233333333333333,3.35
NEW YORK,1989,4.866666666666666,3.35
NEW YORK,1990,5.3500000000000005,3.35
NEW YORK,1991,7.308333333333334,3.8
NEW YORK,1992,8.683333333333334,4.25
NEW YORK,1993,7.925,4.25
NEW YORK,1994,6.916666666666667,4.25
NEW YORK,1995,6.333333333333333,4.25
NEW YORK,1996,6.258333333333333,4.25
NEW YORK,1997,6.3999999999999995,4.25
NEW YORK,1998,5.6000000000000005,4.25
NEW YORK,1999,5.183333333333334,4.25
NEW YORK,2000,4.508333333333334,4.25
NEW YORK,2001,4.875,5.15
NEW YORK,2002,6.2,5.15
NEW YORK,2003,6.3999999999999995,5.15
NEW YORK,2004,5.791666666666667,5.15
NEW YORK,2005,4.958333333333333,6.0
NEW YORK,2006,4.533333333333333,6.75
NEW YORK,2007,4.433333333333334,7.15
NEW YORK,2008,5.408333333333334,7.15
NEW YORK,2009,8.366666666666667,7.15
NEW YORK,2010,8.716666666666667,7.25
NEW YORK,2011,8.358333333333333,7.25
NEW YORK,2012,8.625,7.25
NEW YORK,2013,7.791666666666667,7.25
NEW YORK,2014,6.291666666666667,8.0
NEW YORK,2015,5.233333333333333,8.75
NEW YORK,2016,4.875,9.0
NEW YORK,2017,4.633333333333334,9.7
NEW YORK,2018,4.1000000000000005,10.4
NEW YORK,2019,3.85,11.8
NEW YORK,2020,9.85,11.8
NORTH CAROLINA,1976,6.191666666666666,2.0
NORTH CAROLINA,1977,5.891666666666667,2.0
NORTH CAROLINA,1978,4.541666666666667,2.0
NORTH CAROLINA,1979,4.833333333333333,2.5
NORTH CAROLINA,1980,6.425,2.75
NORTH CAROLINA,1981,6.425,2.9
NORTH CAROLINA,1982,9.241666666666667,2.9
NORTH CAROLINA,1983,8.883333333333333,2.9
NORTH CAROLINA,1984,6.575,2.9
NORTH CAROLINA,1985,5.6499999999999995,2.9
NORTH CAROLINA,1986,5.308333333333334,2.9
NORTH CAROLINA,1987,4.558333333333334,2.9
NORTH CAROLINA,1988,3.6999999999999997,3.35
NORTH CAROLINA,1989,3.5666666666666664,3.35
NORTH CAROLINA,1990,4.116666666666666,3.35
NORTH CAROLINA,1991,5.908333333333334,3.35
NORTH CAROLINA,1992,6.25,3.8
NORTH CAROLINA,1993,5.116666666666666,3.8
NORTH CAROLINA,1994,4.416666666666667,4.25
NORTH CAROLINA,1995,4.358333333333333,4.25
NORTH CAROLINA,1996,4.341666666666667,4.25
NORTH CAROLINA,1997,3.8333333333333335,4.25
NORTH CAROLINA,1998,3.533333333333333,5.15
NORTH CAROLINA,1999,3.283333333333333,5.15
NORTH CAROLINA,2000,3.7583333333333333,5.15
NORTH CAROLINA,2001,5.625,5.15
NORTH CAROLINA,2002,6.925,5.15
NORTH CAROLINA,2003,6.716666666666666,5.15
NORTH CAROLINA,2004,5.858333333333333,5.15
NORTH CAROLINA,2005,5.6000000000000005,5.15
NORTH CAROLINA,2006,5.133333333333334,5.15
NORTH CAROLINA,2007,5.091666666666667,6.15
NORTH CAROLINA,2008,6.208333333333333,6.15
NORTH CAROLINA,2009,11.033333333333333,6.55
NORTH CAROLINA,2010,10.716666666666667,7.25
NORTH CAROLINA,2011,10.233333333333333,7.25
NORTH CAROLINA,2012,9.516666666666667,7.25
NORTH CAROLINA,2013,7.733333333333333,7.25
NORTH CAROLINA,2014,6.108333333333333,7.25
NORTH CAROLINA,2015,5.658333333333334,7.25
NORTH CAROLINA,2016,5.1,7.25
NORTH CAROLINA,2017,4.5249999999999995,7.25
NORTH CAROLINA,2018,3.9916666666666667,7.25
NORTH CAROLINA,2019,3.8666666666666667,7.25
NORTH CAROLINA,2020,7.2749999999999995,7.25
NORTH DAKOTA,1976,3.7583333333333333,2.0
NORTH DAKOTA,1977,4.441666666666666,2.0
NORTH DAKOTA,1978,4.133333333333334,2.0
NORTH DAKOTA,1979,4.183333333333333,2.1
NORTH DAKOTA,1980,4.891666666666667,2.6
NORTH DAKOTA,1981,4.925,2.8
NORTH DAKOTA,1982,5.591666666666666,2.8
NORTH DAKOTA,1983,5.875,2.8
NORTH DAKOTA,1984,5.3500000000000005,2.8
NORTH DAKOTA,1985,5.458333333333333,2.8
NORTH DAKOTA,1986,5.55,2.8
NORTH DAKOTA,1987,4.95,2.8
NORTH DAKOTA,1988,4.6,2.8
NORTH DAKOTA,1989,4.283333333333333,2.8
NORTH DAKOTA,1990,4.133333333333334,2.8
NORTH DAKOTA,1991,4.366666666666666,3.4
NORTH DAKOTA,1992,4.566666666666666,4.25
NORTH DAKOTA,1993,4.2749999999999995,4.25
NORTH DAKOTA,1994,3.7083333333333335,4.25
NORTH DAKOTA,1995,3.3166666666666664,4.25
NORTH DAKOTA,1996,3.141666666666667,4.25
NORTH DAKOTA,1997,2.9499999999999997,4.75
NORTH DAKOTA,1998,2.9499999999999997,5.15
NORTH DAKOTA,1999,3.141666666666667,5.15
NORTH DAKOTA,2000,2.9250000000000003,5.15
NORTH DAKOTA,2001,2.8333333333333335,5.15
NORTH DAKOTA,2002,3.375,5.15
NORTH DAKOTA,2003,3.475,5.15
NORTH DAKOTA,2004,3.3833333333333333,5.15
NORTH DAKOTA,2005,3.3083333333333336,5.15
NORTH DAKOTA,2006,3.1,5.15
NORTH DAKOTA,2007,3.016666666666667,5.15
NORTH DAKOTA,2008,3.108333333333333,5.85
NORTH DAKOTA,2009,3.9166666666666665,6.55
NORTH DAKOTA,2010,3.6916666666666664,7.25
NORTH DAKOTA,2011,3.358333333333333,7.25
NORTH DAKOTA,2012,2.9333333333333336,7.25
NORTH DAKOTA,2013,2.891666666666666,7.25
NORTH DAKOTA,2014,2.6166666666666667,7.25
NORTH DAKOTA,2015,2.783333333333333,7.25
NORTH DAKOTA,2016,3.1,7.25
NORTH DAKOTA,2017,2.6083333333333334,7.25
NORTH DAKOTA,2018,2.408333333333333,7.25
NORTH DAKOTA,2019,2.1666666666666665,7.25
NORTH DAKOTA,2020,4.991666666666666,7.25
OHIO,1976,7.7250000000000005,1.6
OHIO,1977,6.458333333333333,1.6
OHIO,1978,5.516666666666667,1.6
OHIO,1979,5.866666666666667,2.3
OHIO,1980,8.316666666666666,2.3
OHIO,1981,9.566666666666666,2.3
OHIO,1982,12.575000000000001,2.3
OHIO,1983,12.35,2.3
OHIO,1984,9.466666666666667,2.3
OHIO,1985,8.916666666666666,2.3
OHIO,1986,8.316666666666666,2.3
OHIO,1987,7.108333333333333,2.3
OHIO,1988,6.016666666666667,2.3
OHIO,1989,5.575,2.3
OHIO,1990,5.791666666666667,2.3
OHIO,1991,6.533333333333334,3.8
OHIO,1992,7.391666666666667,4.25
OHIO,1993,6.675,4.25
OHIO,1994,5.666666666666667,4.25
OHIO,1995,4.866666666666666,4.25
OHIO,1996,4.991666666666666,4.25
OHIO,1997,4.625,4.25
OHIO,1998,4.3500000000000005,4.25
OHIO,1999,4.325,4.25
OHIO,2000,4.116666666666666,2.8
OHIO,2001,4.375,2.8
OHIO,2002,5.791666666666667,2.8
OHIO,2003,6.216666666666666,2.8
OHIO,2004,6.25,2.8
OHIO,2005,5.933333333333334,2.8
OHIO,2006,5.416666666666667,2.8
OHIO,2007,5.608333333333333,6.85
OHIO,2008,6.6000000000000005,7.0
OHIO,2009,10.141666666666667,7.3
OHIO,2010,10.266666666666667,7.3
OHIO,2011,8.816666666666666,7.4
OHIO,2012,7.408333333333334,7.7
OHIO,2013,7.458333333333333,7.85
OHIO,2014,5.8,7.25
OHIO,2015,4.95,7.25
OHIO,2016,5.075,7.25
OHIO,2017,4.966666666666667,8.15
OHIO,2018,4.5,8.3
OHIO,2019,4.183333333333334,8.7
OHIO,2020,8.291666666666666,8.7
OKLAHOMA,1976,5.583333333333333,1.8
OKLAHOMA,1977,4.766666666666667,1.8
OKLAHOMA,1978,3.3166666666666664,1.8
OKLAHOMA,1979,3.091666666666667,2.0
OKLAHOMA,1980,4.125,2.0
OKLAHOMA,1981,3.5666666666666664,3.1
OKLAHOMA,1982,6.075,3.1
OKLAHOMA,1983,8.108333333333333,3.1
OKLAHOMA,1984,6.791666666666667,3.1
OKLAHOMA,1985,7.083333333333333,3.1
OKLAHOMA,1986,8.316666666666666,3.1
OKLAHOMA,1987,7.158333333333334,3.1
OKLAHOMA,1988,6.316666666666666,3.35
OKLAHOMA,1989,5.741666666666667,3.35
OKLAHOMA,1990,5.383333333333333,3.35
OKLAHOMA,1991,6.0,3.8
OKLAHOMA,1992,5.866666666666667,4.25
OKLAHOMA,1993,5.6499999999999995,4.25
OKLAHOMA,1994,5.3,4.25
OKLAHOMA,1995,4.458333333333333,4.25
OKLAHOMA,1996,4.0,4.25
OKLAHOMA,1997,3.9583333333333335,4.75
OKLAHOMA,1998,4.075,5.15
OKLAHOMA,1999,3.466666666666667,5.15
OKLAHOMA,2000,2.9916666666666667,2.0
OKLAHOMA,2001,3.625,2.0
OKLAHOMA,2002,4.625,2.0
OKLAHOMA,2003,5.408333333333334,2.0
OKLAHOMA,2004,4.708333333333333,2.0
OKLAHOMA,2005,4.325,2.0
OKLAHOMA,2006,3.9166666666666665,2.0
OKLAHOMA,2007,3.966666666666667,2.0
OKLAHOMA,2008,3.6166666666666667,2.0
OKLAHOMA,2009,6.558333333333334,2.0
OKLAHOMA,2010,6.5,2.0
OKLAHOMA,2011,5.591666666666666,2.0
OKLAHOMA,2012,5.116666666666666,2.0
OKLAHOMA,2013,5.116666666666666,2.0
OKLAHOMA,2014,4.333333333333333,2.0
OKLAHOMA,2015,4.291666666666667,2.0
OKLAHOMA,2016,4.658333333333333,2.0
OKLAHOMA,2017,4.033333333333333,2.0
OKLAHOMA,2018,3.2916666666666665,2.0
OKLAHOMA,2019,3.1333333333333333,2.0
OKLAHOMA,2020,6.316666666666666,2.0
OREGON,1976,9.266666666666667,2.3
OREGON,1977,7.433333333333334,2.3
OREGON,1978,6.116666666666667,2.3
OREGON,1979,6.7250000000000005,2.3
OREGON,1980,8.416666666666666,2.9
OREGON,1981,9.700000000000001,3.1
OREGON,1982,11.358333333333334,3.1
OREGON,1983,10.833333333333334,3.1
OREGON,1984,9.299999999999999,3.1
OREGON,1985,8.658333333333333,3.1
OREGON,1986,7.925,3.1
OREGON,1987,6.158333333333334,3.1
OREGON,1988,5.733333333333333,3.35
OREGON,1989,5.333333333333333,3.35
OREGON,1990,5.3999999999999995,3.35
OREGON,1991,6.2,4.75
OREGON,1992,7.2749999999999995,4.75
OREGON,1993,6.983333333333333,4.75
OREGON,1994,5.308333333333334,4.75
OREGON,1995,4.766666666666667,4.75
OREGON,1996,5.558333333333334,4.75
OREGON,1997,5.55,5.5
OREGON,1998,5.641666666666667,6.0
OREGON,1999,5.466666666666666,6.0
OREGON,2000,5.191666666666666,6.5
OREGON,2001,6.375,6.5
OREGON,2002,7.4750000000000005,6.5
OREGON,2003,8.016666666666667,6.9
OREGON,2004,7.341666666666666,7.05
OREGON,2005,6.191666666666666,7.25
OREGON,2006,5.391666666666667,7.5
OREGON,2007,5.158333333333333,7.8
OREGON,2008,6.2749999999999995,7.95
OREGON,2009,10.791666666666666,8.4
OREGON,2010,10.691666666666668,8.4
OREGON,2011,9.608333333333333,8.5
OREGON,2012,8.808333333333334,8.8
OREGON,2013,7.75,8.95
OREGON,2014,6.641666666666667,9.1
OREGON,2015,5.466666666666666,9.25
OREGON,2016,4.75,9.75
OREGON,2017,4.058333333333333,9.75
OREGON,2018,4.041666666666667,10.75
OREGON,2019,3.725,11.25
OREGON,2020,7.616666666666667,11.25
PENNSYLVANIA,1976,8.008333333333333,2.2
PENNSYLVANIA,1977,7.741666666666667,2.2
PENNSYLVANIA,1978,7.008333333333333,2.2
PENNSYLVANIA,1979,6.9750000000000005,2.9
PENNSYLVANIA,1980,8.141666666666667,3.1
PENNSYLVANIA,1981,8.366666666666667,3.35
PENNSYLVANIA,1982,10.9,3.35
PENNSYLVANIA,1983,11.108333333333334,3.35
PENNSYLVANIA,1984,8.933333333333334,3.35
PENNSYLVANIA,1985,8.0,3.35
PENNSYLVANIA,1986,6.983333333333333,3.35
PENNSYLVANIA,1987,5.75,3.35
PENNSYLVANIA,1988,5.133333333333334,3.35
PENNSYLVANIA,1989,4.8999999999999995,3.35
PENNSYLVANIA,1990,5.516666666666667,3.35
PENNSYLVANIA,1991,6.916666666666667,3.8
PENNSYLVANIA,1992,7.45,4.25
PENNSYLVANIA,1993,6.933333333333334,4.25
PENNSYLVANIA,1994,6.316666666666666,4.25
PENNSYLVANIA,1995,5.875,4.25
PENNSYLVANIA,1996,5.491666666666667,4.25
PENNSYLVANIA,1997,5.141666666666667,4.75
PENNSYLVANIA,1998,4.691666666666666,5.15
PENNSYLVANIA,1999,4.491666666666666,5.15
PENNSYLVANIA,2000,4.225,5.15
PENNSYLVANIA,2001,4.808333333333334,5.15
PENNSYLVANIA,2002,5.533333333333334,5.15
PENNSYLVANIA,2003,5.7,5.15
PENNSYLVANIA,2004,5.358333333333333,5.15
PENNSYLVANIA,2005,4.983333333333333,5.15
PENNSYLVANIA,2006,4.708333333333333,5.15
PENNSYLVANIA,2007,4.558333333333334,6.25
PENNSYLVANIA,2008,5.3500000000000005,7.15
PENNSYLVANIA,2009,7.974999999999999,7.15
PENNSYLVANIA,2010,8.166666666666666,7.25
PENNSYLVANIA,2011,7.741666666666667,7.25
PENNSYLVANIA,2012,7.658333333333334,7.25
PENNSYLVANIA,2013,7.1000000000000005,7.25
PENNSYLVANIA,2014,5.933333333333334,7.25
PENNSYLVANIA,2015,5.391666666666667,7.25
PENNSYLVANIA,2016,5.341666666666666,7.25
PENNSYLVANIA,2017,4.9750000000000005,7.25
PENNSYLVANIA,2018,4.416666666666667,7.25
PENNSYLVANIA,2019,4.325,7.25
PENNSYLVANIA,2020,8.916666666666666,7.25
RHODE ISLAND,1976,8.008333333333333,2.3
RHODE ISLAND,1977,8.041666666666666,2.3
RHODE ISLAND,1978,6.308333333333334,2.3
RHODE ISLAND,1979,6.316666666666666,2.3
RHODE ISLAND,1980,7.241666666666667,2.65
RHODE ISLAND,1981,7.558333333333334,2.9
RHODE ISLAND,1982,9.991666666666667,2.9
RHODE ISLAND,1983,8.458333333333334,2.9
RHODE ISLAND,1984,5.316666666666666,2.9
RHODE ISLAND,1985,4.658333333333333,2.9
RHODE ISLAND,1986,4.075,2.9
RHODE ISLAND,1987,3.6999999999999997,2.9
RHODE ISLAND,1988,2.9416666666666664,3.65
RHODE ISLAND,1989,3.9,3.65
RHODE ISLAND,1990,6.25,3.65
RHODE ISLAND,1991,8.416666666666666,4.25
RHODE ISLAND,1992,8.983333333333333,4.45
RHODE ISLAND,1993,7.541666666666667,4.45
RHODE ISLAND,1994,6.633333333333333,4.45
RHODE ISLAND,1995,6.316666666666666,4.45
RHODE ISLAND,1996,5.2250000000000005,4.45
RHODE ISLAND,1997,5.325,5.15
RHODE ISLAND,1998,4.541666666666667,5.15
RHODE ISLAND,1999,4.2,5.15
RHODE ISLAND,2000,4.0,5.65
RHODE ISLAND,2001,4.441666666666666,6.15
RHODE ISLAND,2002,5.108333333333333,6.15
RHODE ISLAND,2003,5.575,6.15
RHODE ISLAND,2004,5.25,6.75
RHODE ISLAND,2005,5.108333333333333,6.75
RHODE ISLAND,2006,5.216666666666667,6.75
RHODE ISLAND,2007,5.108333333333333,7.4
RHODE ISLAND,2008,7.6000000000000005,7.4
RHODE ISLAND,2009,11.391666666666666,7.4
RHODE ISLAND,2010,11.625,7.4
RHODE ISLAND,2011,11.016666666666666,7.4
RHODE ISLAND,2012,10.216666666666667,7.4
RHODE ISLAND,2013,9.475,7.75
RHODE ISLAND,2014,7.766666666666667,8.0
RHODE ISLAND,2015,6.0249999999999995,9.0
RHODE ISLAND,2016,5.241666666666666,9.6
RHODE ISLAND,2017,4.508333333333334,9.6
RHODE ISLAND,2018,4.033333333333333,10.1
RHODE ISLAND,2019,3.5500000000000003,10.5
RHODE ISLAND,2020,9.208333333333334,10.5
SOUTH CAROLINA,1976,7.0249999999999995,0.0
SOUTH CAROLINA,1977,6.733333333333333,0.0
SOUTH CAROLINA,1978,5.558333333333334,0.0
SOUTH CAROLINA,1979,4.983333333333333,0.0
SOUTH CAROLINA,1980,6.7250000000000005,0.0
SOUTH CAROLINA,1981,8.15,0.0
SOUTH CAROLINA,1982,10.775,0.0
SOUTH CAROLINA,1983,9.891666666666667,0.0
SOUTH CAROLINA,1984,6.95,0.0
SOUTH CAROLINA,1985,6.8,0.0
SOUTH CAROLINA,1986,6.366666666666667,0.0
SOUTH CAROLINA,1987,5.483333333333333,0.0
SOUTH CAROLINA,1988,4.633333333333334,0.0
SOUTH CAROLINA,1989,4.616666666666666,0.0
SOUTH CAROLINA,1990,4.908333333333333,0.0
SOUTH CAROLINA,1991,6.108333333333333,0.0
SOUTH CAROLINA,1992,6.75,0.0
SOUTH CAROLINA,1993,7.291666666666667,0.0
SOUTH CAROLINA,1994,6.158333333333334,0.0
SOUTH CAROLINA,1995,5.1000000000000005,0.0
SOUTH CAROLINA,1996,5.666666666666667,0.0
SOUTH CAROLINA,1997,4.5,0.0
SOUTH CAROLINA,1998,3.6333333333333333,0.0
SOUTH CAROLINA,1999,4.141666666666667,0.0
SOUTH CAROLINA,2000,3.733333333333333,0.0
SOUTH CAROLINA,2001,5.283333333333333,0.0
SOUTH CAROLINA,2002,6.433333333333334,0.0
SOUTH CAROLINA,2003,7.191666666666666,0.0
SOUTH CAROLINA,2004,7.441666666666666,0.0
SOUTH CAROLINA,2005,7.291666666666667,0.0
SOUTH CAROLINA,2006,6.875,0.0
SOUTH CAROLINA,2007,6.066666666666666,0.0
SOUTH CAROLINA,2008,7.291666666666667,0.0
SOUTH CAROLINA,2009,11.408333333333333,0.0
SOUTH CAROLINA,2010,11.299999999999999,0.0
SOUTH CAROLINA,2011,10.45,0.0
SOUTH CAROLINA,2012,9.033333333333333,0.0
SOUTH CAROLINA,2013,7.425,0.0
SOUTH CAROLINA,2014,6.2749999999999995,0.0
SOUTH CAROLINA,2015,5.8999999999999995,0.0
SOUTH CAROLINA,2016,4.916666666666667,0.0
SOUTH CAROLINA,2017,4.2,0.0
SOUTH CAROLINA,2018,3.375,0.0
SOUTH CAROLINA,2019,2.783333333333333,0.0
SOUTH CAROLINA,2020,5.983333333333333,0.0
SOUTH DAKOTA,1976,3.3166666666666664,2.0
SOUTH DAKOTA,1977,3.375,2.0
SOUTH DAKOTA,1978,3.158333333333333,2.0
SOUTH DAKOTA,1979,3.358333333333333,2.3
SOUTH DAKOTA,1980,4.716666666666666,2.3
SOUTH DAKOTA,1981,4.808333333333333,2.3
SOUTH DAKOTA,1982,5.425,2.3
SOUTH DAKOTA,1983,5.208333333333333,2.3
SOUTH DAKOTA,1984,4.366666666666666,2.3
SOUTH DAKOTA,1985,4.825,2.3
SOUTH DAKOTA,1986,4.633333333333334,2.3
SOUTH DAKOTA,1987,4.3,2.3
SOUTH DAKOTA,1988,4.091666666666667,2.8
SOUTH DAKOTA,1989,3.8499999999999996,2.8
SOUTH DAKOTA,1990,3.625,2.8
SOUTH DAKOTA,1991,3.525,3.8
SOUTH DAKOTA,1992,3.475,4.25
SOUTH DAKOTA,1993,3.4583333333333335,4.25
SOUTH DAKOTA,1994,3.283333333333333,4.25
SOUTH DAKOTA,1995,3.1833333333333336,4.25
SOUTH DAKOTA,1996,3.2916666666666665,4.25
SOUTH DAKOTA,1997,2.9416666666666664,4.25
SOUTH DAKOTA,1998,2.841666666666667,5.15
SOUTH DAKOTA,1999,2.725,5.15
SOUTH DAKOTA,2000,2.533333333333333,5.15
SOUTH DAKOTA,2001,3.0,5.15
SOUTH DAKOTA,2002,3.233333333333333,5.15
SOUTH DAKOTA,2003,3.475,5.15
SOUTH DAKOTA,2004,3.608333333333334,5.15
SOUTH DAKOTA,2005,3.5500000000000003,5.15
SOUTH DAKOTA,2006,3.0,5.15
SOUTH DAKOTA,2007,2.8249999999999997,5.15
SOUTH DAKOTA,2008,3.0833333333333335,5.85
SOUTH DAKOTA,2009,4.583333333333333,6.55
SOUTH DAKOTA,2010,4.908333333333334,7.25
SOUTH DAKOTA,2011,4.6000000000000005,7.25
SOUTH DAKOTA,2012,4.058333333333333,7.25
SOUTH DAKOTA,2013,3.6999999999999997,7.25
SOUTH DAKOTA,2014,3.3333333333333335,7.25
SOUTH DAKOTA,2015,3.0500000000000003,8.5
SOUTH DAKOTA,2016,3.016666666666667,8.55
SOUTH DAKOTA,2017,3.0500000000000003,8.65
SOUTH DAKOTA,2018,2.7916666666666665,8.85
SOUTH DAKOTA,2019,2.783333333333333,9.3
SOUTH DAKOTA,2020,4.2250000000000005,9.3
TENNESSEE,1976,6.1000000000000005,0.0
TENNESSEE,1977,6.266666666666667,0.0
TENNESSEE,1978,5.841666666666666,0.0
TENNESSEE,1979,5.858333333333333,0.0
TENNESSEE,1980,7.2250000000000005,0.0
TENNESSEE,1981,8.9,0.0
TENNESSEE,1982,11.674999999999999,0.0
TENNESSEE,1983,11.65,0.0
TENNESSEE,1984,8.841666666666667,0.0
TENNESSEE,1985,7.916666666666667,0.0
TENNESSEE,1986,7.8999999999999995,0.0
TENNESSEE,1987,6.691666666666666,0.0
TENNESSEE,1988,5.791666666666667,0.0
TENNESSEE,1989,5.083333333333333,0.0
TENNESSEE,1990,5.3500000000000005,0.0
TENNESSEE,1991,6.6000000000000005,0.0
TENNESSEE,1992,6.45,0.0
TENNESSEE,1993,5.8500000000000005,0.0
TENNESSEE,1994,4.808333333333334,0.0
TENNESSEE,1995,5.158333333333333,0.0
TENNESSEE,1996,5.166666666666667,0.0
TENNESSEE,1997,5.266666666666667,0.0
TENNESSEE,1998,4.3500000000000005,0.0
TENNESSEE,1999,3.9583333333333335,0.0
TENNESSEE,2000,3.8666666666666667,0.0
TENNESSEE,2001,4.516666666666667,0.0
TENNESSEE,2002,5.125,0.0
TENNESSEE,2003,5.508333333333333,0.0
TENNESSEE,2004,5.3500000000000005,0.0
TENNESSEE,2005,5.5249999999999995,0.0
TENNESSEE,2006,5.275,0.0
TENNESSEE,2007,4.633333333333334,0.0
TENNESSEE,2008,6.516666666666667,0.0
TENNESSEE,2009,10.116666666666667,0.0
TENNESSEE,2010,9.825000000000001,0.0
TENNESSEE,2011,9.108333333333333,0.0
TENNESSEE,2012,7.958333333333333,0.0
TENNESSEE,2013,7.7250000000000005,0.0
TENNESSEE,2014,6.6000000000000005,0.0
TENNESSEE,2015,5.566666666666666,0.0
TENNESSEE,2016,4.758333333333334,0.0
TENNESSEE,2017,3.75,0.0
TENNESSEE,2018,3.5,0.0
TENNESSEE,2019,3.341666666666667,0.0
TENNESSEE,2020,7.533333333333334,0.0
TEXAS,1976,5.816666666666666,1.4
TEXAS,1977,5.433333333333334,1.4
TEXAS,1978,4.866666666666666,1.4
TEXAS,1979,4.416666666666667,1.4
TEXAS,1980,5.25,1.4
TEXAS,1981,5.3500000000000005,1.4
TEXAS,1982,6.8999999999999995,1.4
TEXAS,1983,8.058333333333334,1.4
TEXAS,1984,6.158333333333334,1.4
TEXAS,1985,7.0249999999999995,1.4
TEXAS,1986,8.75,1.4
TEXAS,1987,8.508333333333333,1.4
TEXAS,1988,7.416666666666667,3.35
TEXAS,1989,6.7250000000000005,3.35
TEXAS,1990,6.383333333333333,3.35
TEXAS,1991,6.983333333333333,3.35
TEXAS,1992,7.683333333333334,3.35
TEXAS,1993,7.216666666666666,3.35
TEXAS,1994,6.566666666666666,3.35
TEXAS,1995,6.116666666666667,3.35
TEXAS,1996,5.75,3.35
TEXAS,1997,5.391666666666667,3.35
TEXAS,1998,4.966666666666667,3.35
TEXAS,1999,4.7250000000000005,3.35
TEXAS,2000,4.383333333333334,3.35
TEXAS,2001,4.958333333333333,3.35
TEXAS,2002,6.358333333333333,5.15
TEXAS,2003,6.733333333333333,5.15
TEXAS,2004,6.016666666666667,5.15
TEXAS,2005,5.458333333333333,5.15
TEXAS,2006,5.0,5.15
TEXAS,2007,4.366666666666666,5.15
TEXAS,2008,4.866666666666666,5.85
TEXAS,2009,7.541666666666667,6.55
TEXAS,2010,8.191666666666666,7.25
TEXAS,2011,8.016666666666667,7.25
TEXAS,2012,6.708333333333333,7.25
TEXAS,2013,6.3,7.25
TEXAS,2014,5.191666666666666,7.25
TEXAS,2015,4.483333333333333,7.25
TEXAS,2016,4.6499999999999995,7.25
TEXAS,2017,4.341666666666667,7.25
TEXAS,2018,3.9,7.25
TEXAS,2019,3.525,7.25
TEXAS,2020,7.7250000000000005,7.25
UTAH,1976,5.608333333333333,1.55
UTAH,1977,5.208333333333333,1.55
UTAH,1978,3.8666666666666667,1.55
UTAH,1979,4.3999999999999995,2.2
UTAH,1980,6.2749999999999995,2.35
UTAH,1981,6.6499999999999995,2.5
UTAH,1982,8.108333333333333,2.5
UTAH,1983,9.016666666666667,2.5
UTAH,1984,6.566666666666666,2.5
UTAH,1985,6.05,2.5
UTAH,1986,6.158333333333334,2.5
UTAH,1987,6.266666666666667,2.5
UTAH,1988,4.958333333333333,2.5
UTAH,1989,4.6,2.5
UTAH,1990,4.383333333333334,2.5
UTAH,1991,4.758333333333334,3.8
UTAH,1992,4.875,4.25
UTAH,1993,4.05,4.25
UTAH,1994,3.7416666666666667,4.25
UTAH,1995,3.4333333333333336,4.25
UTAH,1996,3.375,4.25
UTAH,1997,3.1666666666666665,4.75
UTAH,1998,3.5583333333333336,5.15
UTAH,1999,3.5083333333333333,5.15
UTAH,2000,3.3249999999999997,5.15
UTAH,2001,4.366666666666666,5.15
UTAH,2002,5.666666666666667,5.15
UTAH,2003,5.566666666666666,5.15
UTAH,2004,5.008333333333334,5.15
UTAH,2005,4.041666666666667,5.15
UTAH,2006,2.8666666666666667,5.15
UTAH,2007,2.558333333333333,5.15
UTAH,2008,3.341666666666667,5.85
UTAH,2009,7.258333333333333,6.55
UTAH,2010,7.933333333333334,7.25
UTAH,2011,7.058333333333334,7.25
UTAH,2012,4.7749999999999995,7.25
UTAH,2013,4.208333333333333,7.25
UTAH,2014,3.6333333333333333,7.25
UTAH,2015,3.5083333333333333,7.25
UTAH,2016,3.35,7.25
UTAH,2017,3.1666666666666665,7.25
UTAH,2018,2.9166666666666665,7.25
UTAH,2019,2.5416666666666665,7.25
UTAH,2020,4.8500000000000005,7.25
VERMONT,1976,8.258333333333333,2.3
VERMONT,1977,7.008333333333333,2.3
VERMONT,1978,5.658333333333334,2.3
VERMONT,1979,4.983333333333333,2.9
VERMONT,1980,5.933333333333334,3.1
VERMONT,1981,5.8500000000000005,3.35
VERMONT,1982,6.8500000000000005,3.35
VERMONT,1983,6.541666666666667,3.35
VERMONT,1984,4.916666666666667,3.35
VERMONT,1985,4.583333333333333,3.35
VERMONT,1986,4.316666666666666,3.35
VERMONT,1987,3.766666666666667,3.35
VERMONT,1988,3.0083333333333333,3.55
VERMONT,1989,3.625,3.55
VERMONT,1990,4.708333333333333,3.55
VERMONT,1991,5.958333333333333,3.85
VERMONT,1992,6.25,4.25
VERMONT,1993,5.208333333333333,4.25
VERMONT,1994,4.4,4.25
VERMONT,1995,4.166666666666667,4.25
VERMONT,1996,4.291666666666667,4.75
VERMONT,1997,3.9416666666666664,5.0
VERMONT,1998,3.466666666666667,5.25
VERMONT,1999,3.0749999999999997,5.25
VERMONT,2000,2.8083333333333336,5.75
VERMONT,2001,3.2916666666666665,6.25
VERMONT,2002,3.8333333333333335,6.25
VERMONT,2003,4.383333333333334,6.25
VERMONT,2004,3.6750000000000003,6.75
VERMONT,2005,3.4499999999999997,7.0
VERMONT,2006,3.716666666666667,7.25
VERMONT,2007,3.9416666666666664,7.53
VERMONT,2008,4.566666666666666,7.68
VERMONT,2009,6.166666666666667,8.06
VERMONT,2010,6.316666666666666,8.06
VERMONT,2011,5.566666666666666,8.15
VERMONT,2012,4.816666666666667,8.46
VERMONT,2013,4.416666666666667,8.6
VERMONT,2014,3.9916666666666667,8.73
VERMONT,2015,3.533333333333333,9.15
VERMONT,2016,3.125,9.6
VERMONT,2017,3.0083333333333333,10.0
VERMONT,2018,2.4833333333333334,10.5
VERMONT,2019,2.1,10.96
VERMONT,2020,5.716666666666666,10.96
VIRGINIA,1976,5.866666666666667,2.0
VIRGINIA,1977,5.45,2.0
VIRGINIA,1978,5.275,2.0
VIRGINIA,1979,4.725,2.35
VIRGINIA,1980,5.108333333333333,2.35
VIRGINIA,1981,5.941666666666666,2.65
VIRGINIA,1982,7.408333333333334,2.65
VIRGINIA,1983,6.3500000000000005,2.65
VIRGINIA,1984,5.066666666666666,2.65
VIRGINIA,1985,5.408333333333334,2.65
VIRGINIA,1986,4.95,2.65
VIRGINIA,1987,4.183333333333334,2.65
VIRGINIA,1988,3.908333333333333,2.65
VIRGINIA,1989,3.891666666666667,2.65
VIRGINIA,1990,4.416666666666667,2.65
VIRGINIA,1991,5.808333333333334,2.65
VIRGINIA,1992,6.158333333333334,3.65
VIRGINIA,1993,5.2,3.65
VIRGINIA,1994,4.8,4.25
VIRGINIA,1995,4.45,4.25
VIRGINIA,1996,4.316666666666666,4.25
VIRGINIA,1997,3.6999999999999997,4.75
VIRGINIA,1998,2.775,5.15
VIRGINIA,1999,2.6999999999999997,5.15
VIRGINIA,2000,2.283333333333333,5.15
VIRGINIA,2001,3.283333333333333,5.15
VIRGINIA,2002,4.358333333333333,5.15
VIRGINIA,2003,4.341666666666667,5.15
VIRGINIA,2004,4.083333333333333,5.15
VIRGINIA,2005,3.8249999999999997,5.15
VIRGINIA,2006,3.341666666666667,5.15
VIRGINIA,2007,3.283333333333333,5.15
VIRGINIA,2008,4.2749999999999995,5.85
VIRGINIA,2009,6.833333333333333,6.55
VIRGINIA,2010,7.291666666666667,7.25
VIRGINIA,2011,6.541666666666667,7.25
VIRGINIA,2012,5.95,7.25
VIRGINIA,2013,5.55,7.25
VIRGINIA,2014,5.116666666666666,7.25
VIRGINIA,2015,4.366666666666666,7.25
VIRGINIA,2016,4.0,7.25
VIRGINIA,2017,3.6666666666666665,7.25
VIRGINIA,2018,3.0083333333333333,7.25
VIRGINIA,2019,2.7583333333333333,7.25
VIRGINIA,2020,6.508333333333333,7.25
WASHINGTON,1976,8.783333333333333,2.2
WASHINGTON,1977,8.375,2.2
WASHINGTON,1978,6.808333333333334,2.2
WASHINGTON,1979,6.791666666666667,2.3
WASHINGTON,1980,7.925,2.3
WASHINGTON,1981,9.325000000000001,2.3
WASHINGTON,1982,11.633333333333333,2.3
WASHINGTON,1983,11.200000000000001,2.3
WASHINGTON,1984,9.316666666666666,2.3
WASHINGTON,1985,8.241666666666667,2.3
WASHINGTON,1986,8.091666666666667,2.3
WASHINGTON,1987,7.3,2.3
WASHINGTON,1988,6.283333333333334,2.3
WASHINGTON,1989,5.916666666666667,2.3
WASHINGTON,1990,5.166666666666667,2.3
WASHINGTON,1991,6.091666666666666,4.25
WASHINGTON,1992,7.191666666666666,4.25
WASHINGTON,1993,7.2749999999999995,4.25
WASHINGTON,1994,6.291666666666667,4.25
WASHINGTON,1995,6.2250000000000005,4.25
WASHINGTON,1996,5.908333333333334,4.9
WASHINGTON,1997,4.941666666666666,4.9
WASHINGTON,1998,4.833333333333333,4.9
WASHINGTON,1999,4.825,4.9
WASHINGTON,2000,5.091666666666667,6.5
WASHINGTON,2001,6.008333333333333,6.72
WASHINGTON,2002,7.074999999999999,6.9
WASHINGTON,2003,7.233333333333333,7.01
WASHINGTON,2004,6.3,7.16
WASHINGTON,2005,5.591666666666666,7.35
WASHINGTON,2006,5.0,7.63
WASHINGTON,2007,4.6000000000000005,7.93
WASHINGTON,2008,5.291666666666667,8.07
WASHINGTON,2009,8.266666666666667,8.55
WASHINGTON,2010,9.133333333333333,8.55
WASHINGTON,2011,8.525,8.67
WASHINGTON,2012,7.641666666666667,9.04
WASHINGTON,2013,6.633333333333333,9.19
WASHINGTON,2014,5.925,9.32
WASHINGTON,2015,5.433333333333334,9.47
WASHINGTON,2016,5.2250000000000005,9.47
WASHINGTON,2017,4.641666666666667,11.0
WASHINGTON,2018,4.425,11.5
WASHINGTON,2019,4.233333333333333,13.5
WASHINGTON,2020,8.450000000000001,13.5
WEST VIRGINIA,1976,7.2250000000000005,2.0
WEST VIRGINIA,1977,6.916666666666667,2.0
WEST VIRGINIA,1978,6.341666666666666,2.0
WEST VIRGINIA,1979,7.325,2.2
WEST VIRGINIA,1980,10.133333333333333,2.2
WEST VIRGINIA,1981,10.591666666666667,2.75
WEST VIRGINIA,1982,14.041666666666666,2.75
WEST VIRGINIA,1983,17.233333333333334,2.75
WEST VIRGINIA,1984,14.091666666666667,2.75
WEST VIRGINIA,1985,13.15,2.75
WEST VIRGINIA,1986,12.058333333333332,2.75
WEST VIRGINIA,1987,10.975,2.75
WEST VIRGINIA,1988,9.941666666666666,3.35
WEST VIRGINIA,1989,8.733333333333333,3.35
WEST VIRGINIA,1990,8.625,3.35
WEST VIRGINIA,1991,10.65,3.35
WEST VIRGINIA,1992,11.233333333333334,3.8
WEST VIRGINIA,1993,10.308333333333334,3.8
WEST VIRGINIA,1994,8.816666666666666,4.25
WEST VIRGINIA,1995,7.966666666666666,4.25
WEST VIRGINIA,1996,7.6499999999999995,4.25
WEST VIRGINIA,1997,6.983333333333333,4.25
WEST VIRGINIA,1998,6.683333333333334,4.75
WEST VIRGINIA,1999,6.45,4.75
WEST VIRGINIA,2000,5.575,5.15
WEST VIRGINIA,2001,5.391666666666667,5.15
WEST VIRGINIA,2002,6.458333333333333,5.15
WEST VIRGINIA,2003,6.566666666666666,5.15
WEST VIRGINIA,2004,5.766666666666667,5.15
WEST VIRGINIA,2005,5.425,5.15
WEST VIRGINIA,2006,5.2,5.15
WEST VIRGINIA,2007,4.825,5.85
WEST VIRGINIA,2008,4.75,6.55
WEST VIRGINIA,2009,8.299999999999999,7.25
WEST VIRGINIA,2010,8.633333333333333,7.25
WEST VIRGINIA,2011,7.825,7.25
WEST VIRGINIA,2012,7.258333333333333,7.25
WEST VIRGINIA,2013,6.716666666666666,7.25
WEST VIRGINIA,2014,6.5,7.25
WEST VIRGINIA,2015,6.583333333333333,8.0
WEST VIRGINIA,2016,6.091666666666666,8.75
WEST VIRGINIA,2017,5.208333333333333,8.75
WEST VIRGINIA,2018,5.166666666666667,8.75
WEST VIRGINIA,2019,4.933333333333334,8.75
WEST VIRGINIA,2020,8.275,8.75
WISCONSIN,1976,5.508333333333333,2.1
WISCONSIN,1977,5.058333333333334,2.1
WISCONSIN,1978,4.866666666666666,2.1
WISCONSIN,1979,4.533333333333333,2.8
WISCONSIN,1980,7.366666666666667,3.0
WISCONSIN,1981,7.816666666666666,3.25
WISCONSIN,1982,10.316666666666666,3.25
WISCONSIN,1983,9.766666666666667,3.25
WISCONSIN,1984,7.283333333333334,3.25
WISCONSIN,1985,7.125,3.25
WISCONSIN,1986,6.783333333333334,3.25
WISCONSIN,1987,5.716666666666666,3.25
WISCONSIN,1988,4.383333333333334,3.35
WISCONSIN,1989,4.283333333333333,3.35
WISCONSIN,1990,4.366666666666666,3.35
WISCONSIN,1991,5.375,3.8
WISCONSIN,1992,5.091666666666667,3.8
WISCONSIN,1993,4.375,3.8
WISCONSIN,1994,4.2,4.25
WISCONSIN,1995,3.716666666666667,4.25
WISCONSIN,1996,3.608333333333333,4.25
WISCONSIN,1997,3.475,4.75
WISCONSIN,1998,3.283333333333333,5.15
WISCONSIN,1999,3.0749999999999997,5.15
WISCONSIN,2000,3.391666666666667,5.15
WISCONSIN,2001,4.433333333333334,5.15
WISCONSIN,2002,5.325,5.15
WISCONSIN,2003,5.616666666666667,5.15
WISCONSIN,2004,4.9750000000000005,5.15
WISCONSIN,2005,4.741666666666666,5.15
WISCONSIN,2006,4.675,5.7
WISCONSIN,2007,4.825,6.5
WISCONSIN,2008,4.983333333333333,6.5
WISCONSIN,2009,8.958333333333334,6.5
WISCONSIN,2010,8.5,7.25
WISCONSIN,2011,7.533333333333332,7.25
WISCONSIN,2012,6.925,7.25
WISCONSIN,2013,6.641666666666667,7.25
WISCONSIN,2014,5.3500000000000005,7.25
WISCONSIN,2015,4.425,7.25
WISCONSIN,2016,3.908333333333333,7.25
WISCONSIN,2017,3.2583333333333333,7.25
WISCONSIN,2018,2.975,7.25
WISCONSIN,2019,3.1666666666666665,7.25
WISCONSIN,2020,6.391666666666667,7.25
WYOMING,1976,3.858333333333333,1.6
WYOMING,1977,3.2416666666666667,1.6
WYOMING,1978,2.858333333333333,1.6
WYOMING,1979,2.533333333333333,1.6
WYOMING,1980,3.8249999999999997,1.6
WYOMING,1981,4.1499999999999995,1.6
WYOMING,1982,5.966666666666666,1.6
WYOMING,1983,7.958333333333333,1.6
WYOMING,1984,6.308333333333334,1.6
WYOMING,1985,7.016666666666667,1.6
WYOMING,1986,8.608333333333333,1.6
WYOMING,1987,8.033333333333333,1.6
WYOMING,1988,6.433333333333334,1.6
WYOMING,1989,6.075,1.6
WYOMING,1990,5.125,1.6
WYOMING,1991,4.966666666666667,1.6
WYOMING,1992,5.416666666666667,1.6
WYOMING,1993,5.325,1.6
WYOMING,1994,4.883333333333334,1.6
WYOMING,1995,4.783333333333333,1.6
WYOMING,1996,5.0,1.6
WYOMING,1997,4.783333333333333,1.6
WYOMING,1998,4.791666666666667,1.6
WYOMING,1999,4.708333333333333,1.6
WYOMING,2000,3.75,1.6
WYOMING,2001,3.8166666666666664,1.6
WYOMING,2002,4.008333333333334,5.15
WYOMING,2003,4.325,5.15
WYOMING,2004,3.841666666666667,5.15
WYOMING,2005,3.5416666666666665,5.15
WYOMING,2006,3.0083333333333333,5.15
WYOMING,2007,2.6916666666666664,5.15
WYOMING,2008,2.9333333333333336,5.15
WYOMING,2009,6.258333333333333,5.15
WYOMING,2010,6.941666666666666,5.15
WYOMING,2011,6.133333333333333,5.15
WYOMING,2012,5.5,5.15
WYOMING,2013,4.733333333333333,5.15
WYOMING,2014,4.341666666666667,5.15
WYOMING,2015,4.208333333333333,5.15
WYOMING,2016,5.333333333333333,5.15
WYOMING,2017,4.325,5.15
WYOMING,2018,4.058333333333333,5.15
WYOMING,2019,3.716666666666667,5.15
WYOMING,2020,5.8999999999999995,5.15
